frames,episode,reward,loss,epsilon
0,0,nan,0,1
1000,1,-21,0,0.967543939
2000,2,-20.5,0,0.936151915
3000,3,-20.66666667,0,0.905789044
4000,4,-20.5,0,0.876421586
5000,5,-20.6,0,0.848016908
6000,6,-20.66666667,0,0.820543446
7000,8,-20.75,0,0.793970671
8000,9,-20.66666667,0,0.768269055
9000,10,-20.7,0,0.743410038
10000,11,-20.7,0.030807108,0.719365997
11000,12,-20.7,0.00025619,0.696110214
12000,13,-20.7,0.019899271,0.673616846
13000,15,-20.7,0.029540852,0.651860898
14000,16,-20.7,0.000146639,0.630818194
15000,17,-20.5,0.057411931,0.610465353
16000,18,-20.3,0.008293489,0.590779757
17000,19,-20.2,0.001017177,0.571739532
18000,20,-20,0.004726672,0.55332352
19000,21,-20,0.00160704,0.535511256
20000,22,-20.1,0.003850359,0.518282948
21000,24,-20.1,0.00275807,0.501619451
22000,25,-20.1,0.006798311,0.485502248
23000,26,-20,0.001400146,0.46991343
24000,27,-20.1,0.004162444,0.454835674
25000,28,-20.2,0.00099746,0.440252226
26000,29,-20.4,0.001069423,0.426146881
27000,31,-20.6,0.002049493,0.412503963
28000,32,-20.5,0.002568769,0.399308314
29000,33,-20.4,0.002085355,0.386545269
30000,34,-20.5,0.001285738,0.374200647
31000,35,-20.5,0.001401489,0.362260729
32000,36,-20.5,0.001245483,0.350712249
33000,37,-20.5,0.00440642,0.339542373
34000,38,-20.4,0.008500707,0.328738689
35000,39,-20.2,0.00176815,0.318289192
36000,40,-20,0.001981239,0.30818227
37000,41,-20,0.000740947,0.298406692
38000,42,-20,0.012216724,0.288951596
39000,43,-20.1,0.003414693,0.279806475
40000,44,-20.1,0.010067681,0.270961167
41000,46,-20.2,0.001177373,0.262405842
42000,47,-20.3,0.008136136,0.254130994
43000,48,-20.4,0.002567396,0.246127428
44000,49,-20.6,0.002632453,0.23838625
45000,50,-20.7,0.014252074,0.230898859
46000,51,-20.6,0.003708034,0.223656933
47000,52,-20.7,0.001391566,0.216652425
48000,53,-20.6,0.001033428,0.209877553
49000,54,-20.5,0.001369702,0.203324787
50000,55,-20.5,0.006032391,0.196986847
51000,56,-20.2,0.00095848,0.190856689
52000,57,-20.1,0.002720658,0.184927501
53000,59,-20.1,0.002630486,0.179192696
54000,60,-20.2,0.000573834,0.173645899
55000,61,-20.3,0.000868022,0.168280949
56000,62,-20.2,0.015329443,0.163091882
57000,63,-20.2,0.002661838,0.158072933
58000,64,-20.2,0.002734499,0.153218525
59000,65,-20.2,0.001821567,0.148523263
60000,66,-20.4,0.002122577,0.14398193
61000,67,-20.2,0.003432021,0.13958948
62000,68,-20.1,0.000894025,0.135341032
63000,69,-19.8,0.003316649,0.131231864
64000,70,-19.4,0.001351881,0.127257411
65000,71,-19.4,0.002000436,0.123413256
66000,72,-19.5,0.003445779,0.119695127
67000,73,-19.5,0.001157318,0.116098893
68000,73,-19.5,0.000921905,0.112620557
69000,74,-19.6,0.002731501,0.109256255
70000,76,-19.7,0.004386812,0.106002248
71000,77,-20,0.001618132,0.10285492
72000,78,-20.2,0.001280266,0.099810774
73000,80,-20.9,0.002283292,0.096866426
74000,80,-20.9,0.000666391,0.094018606
75000,81,-20.8,0.002383839,0.091264149
76000,82,-20.7,0.001894811,0.088599993
77000,82,-20.7,0.000993979,0.086023179
78000,83,-20.5,0.002113797,0.083530842
79000,84,-20.5,0.001102533,0.081120215
80000,85,-20.4,0.001269099,0.078788617
81000,85,-20.4,0.000931422,0.076533458
82000,86,-20.3,0.001751068,0.074352231
83000,87,-20.2,0.00698341,0.072242514
84000,87,-20.2,0.004618664,0.070201962
85000,88,-20.2,0.002948239,0.068228307
86000,89,-20.2,0.001834823,0.066319356
87000,89,-20.2,0.00184622,0.064472988
88000,90,-20.2,0.003489187,0.062687151
89000,91,-20.3,0.002603759,0.060959861
90000,92,-20.2,0.003712818,0.059289198
91000,92,-20.2,0.001372836,0.057673306
92000,93,-20.5,0.001584348,0.056110389
93000,94,-20.5,0.002727432,0.05459871
94000,95,-20.6,0.001447267,0.053136591
95000,96,-20.7,0.001504962,0.051722405
96000,97,-20.8,0.000838456,0.050354582
97000,98,-20.8,0.001456592,0.049031601
98000,98,-20.8,0.002283336,0.047751993
99000,98,-20.8,0.001453832,0.046514336
100000,99,-20.8,0.00298176,0.045317253
101000,99,-20.8,0.016882453,0.044159416
102000,100,-20.5,0.004832573,0.043039537
103000,101,-20.3,0.004661755,0.041956372
104000,101,-20.3,0.002890233,0.040908718
105000,102,-20.1,0.001215034,0.03989541
106000,102,-20.1,0.005577547,0.038915321
107000,103,-19.8,0.001665342,0.037967364
108000,103,-19.8,0.00320505,0.037050485
109000,104,-19.4,0.00210222,0.036163665
110000,104,-19.4,0.006735443,0.035305918
111000,104,-19.4,0.003361267,0.034476291
112000,105,-19.3,0.002005601,0.033673863
113000,105,-19.3,0.0013918,0.032897741
114000,106,-19.2,0.003473275,0.032147064
115000,106,-19.2,0.002230372,0.031420997
116000,107,-18.8,0.001553607,0.030718733
117000,107,-18.8,0.001400461,0.030039492
118000,108,-18.7,0.00175688,0.02938252
119000,108,-18.7,0.001575554,0.028747085
120000,109,-17.8,0.002393202,0.028132482
121000,110,-18.1,0.001251818,0.027538029
122000,111,-18.1,0.002709158,0.026963064
123000,111,-18.1,0.001924315,0.026406949
124000,112,-18.1,0.000892623,0.025869065
125000,112,-18.1,0.001608832,0.025348815
126000,112,-18.1,0.002362526,0.024845621
127000,113,-18,0.005011584,0.024358924
128000,113,-18,0.007264362,0.023888182
129000,113,-18,0.001462769,0.023432873
130000,114,-17.7,0.002311102,0.022992491
131000,114,-17.7,0.001858115,0.022566547
132000,115,-17.6,0.004518961,0.022154567
133000,115,-17.6,0.003031816,0.021756092
134000,115,-17.6,0.000998428,0.021370682
135000,116,-17,0.002168001,0.020997907
136000,116,-17,0.003073999,0.020637352
137000,117,-17.3,0.002485597,0.020288618
138000,117,-17.3,0.001598231,0.019951317
139000,117,-17.3,0.001176319,0.019625074
140000,118,-17.3,0.001309077,0.019309527
141000,118,-17.3,0.001164194,0.019004324
142000,118,-17.3,0.000743606,0.018709127
143000,118,-17.3,0.000679594,0.018423608
144000,119,-17.8,0.002505505,0.01814745
145000,119,-17.8,0.002075793,0.017880344
146000,119,-17.8,0.001573073,0.017621996
147000,119,-17.8,0.001508264,0.017372117
148000,120,-16.4,0.001944053,0.01713043
149000,120,-16.4,0.001874932,0.016896667
150000,121,-16.2,0.003037072,0.016670568
151000,121,-16.2,0.002213607,0.01645188
152000,121,-16.2,0.000759289,0.016240363
153000,122,-16.2,0.000902016,0.016035779
154000,122,-16.2,0.000680979,0.015837903
155000,122,-16.2,0.001017002,0.015646514
156000,122,-16.2,0.00110404,0.015461399
157000,123,-15.3,0.000761556,0.015282353
158000,123,-15.3,0.00237747,0.015109177
159000,123,-15.3,0.002595085,0.014941678
160000,124,-14.7,0.002198836,0.01477967
161000,124,-14.7,0.002065143,0.014622974
162000,124,-14.7,0.001943686,0.014471415
163000,125,-13.9,0.002996847,0.014324825
164000,125,-13.9,0.004153536,0.01418304
165000,125,-13.9,0.001869054,0.014045904
166000,126,-12.7,0.002038219,0.013913263
167000,126,-12.7,0.002010118,0.013784971
168000,126,-12.7,0.001137319,0.013660885
169000,126,-12.7,0.001574092,0.013540867
170000,127,-11.8,0.002285551,0.013424784
171000,127,-11.8,0.001568126,0.013312506
172000,127,-11.8,0.002147742,0.013203909
173000,127,-11.8,0.00140533,0.013098872
174000,128,-9.4,0.000746077,0.012997279
175000,128,-9.4,0.00168782,0.012899017
176000,129,-6.6,0.000829437,0.012803976
177000,129,-6.6,0.001320412,0.01271205
178000,130,-7.7,0.000957688,0.012623139
179000,130,-7.7,0.002120735,0.012537142
180000,130,-7.7,0.001467408,0.012453965
181000,131,-7.8,0.000967602,0.012373514
182000,131,-7.8,0.00159783,0.012295701
183000,132,-7.6,0.001524432,0.012220439
184000,132,-7.6,0.000674058,0.012147644
185000,132,-7.6,0.001100935,0.012077236
186000,132,-7.6,0.001166879,0.012009136
187000,133,-6.3,0.001434589,0.011943269
188000,133,-6.3,0.0012705,0.011879561
189000,133,-6.3,0.002162618,0.011817942
190000,134,-6.5,0.000649898,0.011758343
191000,134,-6.5,0.00410107,0.011700697
192000,134,-6.5,0.001248124,0.011644942
193000,135,-4.9,0.001016598,0.011591014
194000,135,-4.9,0.001372285,0.011538854
195000,136,-2.9,0.001539049,0.011488405
196000,136,-2.9,0.001314028,0.011439609
197000,137,0.2,0.000733816,0.011392413
198000,137,0.2,0.001705117,0.011346764
199000,137,0.2,0.000748252,0.011302612
200000,138,-0.1,0.000626875,0.011259907
201000,138,-0.1,0.000713404,0.011218603
202000,138,-0.1,0.000510953,0.011178652
203000,138,-0.1,0.001416689,0.011140011
204000,139,-1,0.001334248,0.011102637
205000,139,-1,0.001034729,0.011066489
206000,140,1.9,0.000458523,0.011031525
207000,140,1.9,0.000594572,0.010997708
208000,141,5.7,0.00096257,0.010964999
209000,141,5.7,0.000331197,0.010933362
210000,142,9.3,0.000423126,0.010902763
211000,142,9.3,0.00044414,0.010873167
212000,143,9.7,0.000682136,0.010844541
213000,143,9.7,0.000894658,0.010816854
214000,143,9.7,0.000895411,0.010790074
215000,144,12.4,0.000529382,0.010764173
216000,145,13.9,0.000679493,0.01073912
217000,145,13.9,0.000263126,0.010714889
218000,146,14.1,0.000236152,0.010691452
219000,146,14.1,0.000379632,0.010668783
220000,147,14,0.000950445,0.010646858
221000,147,14,0.000314477,0.010625652
222000,148,15.3,0.000324844,0.01060514
223000,148,15.3,0.000366674,0.010585301
224000,149,17.1,0.000200095,0.010566113
225000,149,17.1,0.000516688,0.010547554
226000,149,17.1,0.000446302,0.010529603
227000,150,16.7,0.001638151,0.01051224
228000,150,16.7,0.000423807,0.010495447
229000,151,16.8,0.000976122,0.010479204
230000,151,16.8,0.000539381,0.010463494
231000,152,16.4,0.000447072,0.010448299
232000,152,16.4,0.000610855,0.010433602
233000,153,17.5,0.000855395,0.010419387
234000,153,17.5,0.000909692,0.010405638
235000,154,17.6,0.001197979,0.010392339
236000,154,17.6,0.000430757,0.010379477
237000,155,17,0.000476898,0.010367036
238000,155,17,0.000252994,0.010355003
239000,156,16.6,0.000540909,0.010343365
240000,156,16.6,0.000458738,0.010332108
241000,157,16.6,0.000435757,0.01032122
242000,157,16.6,0.00053453,0.010310689
243000,158,17.1,0.001019813,0.010300504
244000,158,17.1,0.000331415,0.010290652
245000,159,16.5,0.001635312,0.010281123
246000,159,16.5,0.000572706,0.010271907
247000,160,17.4,0.000387426,0.010262993
248000,160,17.4,0.00062849,0.010254371
249000,161,17.2,0.000568181,0.010246032
250000,161,17.2,0.00049418,0.010237966
251000,162,17.3,0.000387709,0.010230164
252000,162,17.3,0.001263258,0.010222619
253000,162,17.3,0.000735964,0.01021532
254000,163,16.1,0.001186468,0.010208261
255000,163,16.1,0.00085634,0.010201434
256000,164,16.3,0.000255257,0.01019483
257000,164,16.3,0.000393856,0.010188443
258000,165,16.5,0.00031181,0.010182265
259000,165,16.5,0.00027568,0.010176289
260000,166,16.8,0.000307159,0.01017051
261000,166,16.8,0.000398168,0.01016492
262000,167,16.6,0.000173368,0.010159513
263000,167,16.6,0.000405574,0.010154284
264000,168,16.5,0.000287473,0.010149226
265000,168,16.5,0.000716479,0.010144334
266000,168,16.5,0.000479555,0.010139602
267000,169,16.4,0.000636575,0.010135025
268000,169,16.4,0.000305023,0.010130598
269000,169,16.4,0.000541017,0.010126317
270000,170,15.4,0.001223822,0.010122176
271000,170,15.4,0.000395808,0.01011817
272000,171,15,0.000993794,0.010114296
273000,171,15,0.000706887,0.010110549
274000,172,15,0.000611468,0.010106925
275000,172,15,0.002161612,0.01010342
276000,172,15,0.001195936,0.010100029
277000,172,15,0.001059505,0.01009675
278000,173,14.1,0.000501771,0.010093578
279000,173,14.1,0.000494048,0.01009051
280000,174,14,0.001069758,0.010087543
281000,175,14.5,0.001361072,0.010084673
282000,175,14.5,0.000835733,0.010081897
283000,175,14.5,0.000254069,0.010079212
284000,176,14.1,0.000718109,0.010076615
285000,176,14.1,0.000416271,0.010074103
286000,177,14.4,0.001641912,0.010071674
287000,177,14.4,0.000264181,0.010069324
288000,178,14.3,0.000320537,0.010067051
289000,178,14.3,0.000427694,0.010064853
290000,178,14.3,0.000848459,0.010062727
291000,179,14,0.000356197,0.010060671
292000,179,14,0.000403427,0.010058682
293000,179,14,0.000175114,0.010056758
294000,180,14.6,0.000247968,0.010054897
295000,181,15.2,0.000347075,0.010053097
296000,181,15.2,0.000284365,0.010051357
297000,182,15.4,0.00033375,0.010049673
298000,182,15.4,0.006132252,0.010048044
299000,183,17.2,0.000507238,0.010046469
300000,183,17.2,0.00078671,0.010044946
301000,184,17.1,0.000385117,0.010043472
302000,184,17.1,0.000229671,0.010042047
303000,185,16.8,0.000359197,0.010040669
304000,185,16.8,0.000372212,0.010039335
305000,186,17.3,0.000407047,0.010038046
306000,186,17.3,0.000342786,0.010036799
307000,187,17.3,0.000425612,0.010035592
308000,188,17.5,0.000461818,0.010034425
309000,188,17.5,0.001365744,0.010033297
310000,188,17.5,0.000538781,0.010032205
311000,189,17.3,0.000175264,0.010031149
312000,189,17.3,0.000338392,0.010030128
313000,190,17.7,0.000647255,0.01002914
314000,190,17.7,0.001081904,0.010028185
315000,191,17.2,0.000400351,0.010027261
316000,191,17.2,0.000786883,0.010026367
317000,192,16.9,0.000285745,0.010025503
318000,192,16.9,0.000273663,0.010024667
319000,193,17.1,0.00036258,0.010023858
320000,193,17.1,0.000477544,0.010023076
321000,194,17.2,0.000530146,0.010022319
322000,194,17.2,0.000365927,0.010021588
323000,195,17.3,0.001747854,0.01002088
324000,195,17.3,0.000271602,0.010020196
325000,196,17.2,0.001273299,0.010019533
326000,196,17.2,0.000167696,0.010018893
327000,197,17.3,0.000356601,0.010018274
328000,197,17.3,0.00013512,0.010017675
329000,198,17.3,0.000404751,0.010017095
330000,199,18.4,0.000266311,0.010016535
331000,199,18.4,0.000328227,0.010015993
332000,200,18.7,0.000155711,0.010015468
333000,200,18.7,0.000231904,0.010014961
334000,201,19.1,0.00015516,0.010014471
335000,201,19.1,0.00023933,0.010013996
336000,201,19.1,0.000319253,0.010013537
337000,202,18.5,0.000619644,0.010013094
338000,202,18.5,0.0004328,0.010012664
339000,203,18.4,0.000482822,0.010012249
340000,203,18.4,0.000653995,0.010011848
341000,204,18.6,0.000274952,0.010011459
342000,204,18.6,0.000294787,0.010011084
343000,205,18.5,0.000357999,0.01001072
344000,205,18.5,0.000569252,0.010010369
345000,206,18.3,0.000372604,0.010010029
346000,206,18.3,0.000269218,0.0100097
347000,207,18.3,0.000888909,0.010009382
348000,207,18.3,0.000616253,0.010009074
349000,208,17.7,0.000441316,0.010008777
350000,208,17.7,0.000441307,0.010008489
351000,209,17.7,0.000207237,0.010008211
352000,209,17.7,0.000565489,0.010007942
353000,210,17.7,0.00015347,0.010007681
354000,210,17.7,0.000318052,0.01000743
355000,211,17.7,0.00025221,0.010007186
356000,211,17.7,0.000555119,0.01000695
357000,212,18.6,0.000265945,0.010006723
358000,212,18.6,0.000222511,0.010006502
359000,213,18.3,0.000463805,0.010006289
360000,213,18.3,0.000531137,0.010006083
361000,213,18.3,0.000215009,0.010005883
362000,214,17.6,0.000302275,0.01000569
363000,214,17.6,0.000419428,0.010005504
364000,214,17.6,0.000325702,0.010005323
365000,215,16.8,0.000685439,0.010005149
366000,215,16.8,0.000503051,0.01000498
367000,216,17.1,0.000739476,0.010004817
368000,216,17.1,0.000361709,0.010004659
369000,217,17,0.000382092,0.010004506
370000,217,17,0.000304108,0.010004358
371000,218,17.7,0.000441025,0.010004216
372000,219,17.8,0.000314476,0.010004077
373000,219,17.8,0.000719593,0.010003944
374000,219,17.8,0.000622272,0.010003814
375000,220,17.4,0.000405375,0.010003689
376000,220,17.4,0.001361877,0.010003568
377000,221,17.3,0.000176462,0.010003451
378000,221,17.3,0.000143509,0.010003338
379000,222,17.3,0.0009736,0.010003229
380000,222,17.3,0.00026854,0.010003123
381000,223,17.4,0.000465991,0.010003021
382000,223,17.4,0.000610678,0.010002922
383000,223,17.4,0.000389732,0.010002826
384000,223,17.4,0.000893179,0.010002733
385000,224,16.8,0.000484243,0.010002644
386000,224,16.8,0.00034516,0.010002557
387000,225,17.4,0.000277902,0.010002473
388000,225,17.4,0.000544493,0.010002392
389000,225,17.4,0.000339706,0.010002314
390000,225,17.4,0.000498054,0.010002238
391000,226,15.8,0.000994846,0.010002164
392000,226,15.8,0.000258997,0.010002093
393000,227,15.6,0.000300803,0.010002025
394000,227,15.6,0.000348038,0.010001958
395000,227,15.6,0.000577461,0.010001894
396000,228,12.5,0.000452683,0.010001832
397000,228,12.5,0.000974443,0.010001772
398000,228,12.5,0.000723168,0.010001714
399000,229,11.8,0.000369804,0.010001658
400000,229,11.8,0.000375302,0.010001603
401000,230,12.4,0.000269023,0.010001551
402000,231,12.6,0.000232349,0.0100015
403000,231,12.6,0.000277125,0.010001451
404000,232,8.5,0.001000716,0.010001403
405000,232,8.5,0.00039567,0.010001357
406000,233,8.6,0.000257963,0.010001313
407000,233,8.6,0.000500928,0.01000127
408000,234,9.8,0.000576527,0.010001228
409000,234,9.8,0.000201259,0.010001188
410000,235,10.1,0.000321496,0.010001149
411000,235,10.1,0.000398089,0.010001111
412000,236,11.1,0.00030447,0.010001075
413000,236,11.1,0.000400759,0.01000104
414000,237,11.2,0.000232423,0.010001005
415000,237,11.2,0.000159873,0.010000973
416000,238,14.1,0.000316386,0.010000941
417000,238,14.1,0.000893292,0.01000091
418000,238,14.1,0.004988466,0.01000088
419000,239,14,0.000192427,0.010000851
420000,239,14,0.000577589,0.010000823
421000,240,14,0.000230863,0.010000796
422000,240,14,0.00035095,0.01000077
423000,240,14,0.000271451,0.010000745
424000,241,12.5,0.000391918,0.01000072
425000,241,12.5,0.000940409,0.010000697
426000,241,12.5,0.000472362,0.010000674
427000,241,12.5,0.00043284,0.010000652
428000,242,15.6,0.000504152,0.010000631
429000,243,15.9,0.000286035,0.01000061
430000,243,15.9,0.000347153,0.01000059
431000,244,15.8,0.000148155,0.010000571
432000,244,15.8,0.000330133,0.010000552
433000,245,15.8,0.000473731,0.010000534
434000,245,15.8,0.000411642,0.010000516
435000,246,16.2,0.000514658,0.010000499
436000,246,16.2,0.000468668,0.010000483
437000,246,16.2,0.000549626,0.010000467
438000,247,15.6,0.000366173,0.010000452
439000,248,15.7,0.000347504,0.010000437
440000,248,15.7,0.000140952,0.010000423
441000,249,16.4,0.000334555,0.010000409
442000,249,16.4,0.000278642,0.010000395
443000,249,16.4,0.000159612,0.010000382
444000,250,15.4,0.000370443,0.01000037
445000,250,15.4,0.00056142,0.010000358
446000,251,16.6,0.000483631,0.010000346
447000,251,16.6,0.000224159,0.010000335
448000,252,17.6,0.000342286,0.010000324
449000,252,17.6,0.000457772,0.010000313
450000,252,17.6,0.00022845,0.010000303
451000,253,16.6,0.000443867,0.010000293
452000,253,16.6,0.000345803,0.010000283
453000,254,16.6,0.000576082,0.010000274
454000,254,16.6,0.000223751,0.010000265
455000,255,16.7,0.000703132,0.010000256
456000,255,16.7,0.000334333,0.010000248
457000,256,16.6,0.000285031,0.01000024
458000,256,16.6,0.000725943,0.010000232
459000,257,17,0.000703744,0.010000224
460000,257,17,0.000416475,0.010000217
461000,258,17.1,0.000307167,0.01000021
462000,258,17.1,0.000238954,0.010000203
463000,259,17.2,0.000149664,0.010000196
464000,260,18.1,0.000199718,0.01000019
465000,260,18.1,0.000206723,0.010000184
466000,261,18.2,0.000130013,0.010000178
467000,261,18.2,0.000168276,0.010000172
468000,262,18.2,0.000116685,0.010000166
469000,262,18.2,0.000145029,0.010000161
470000,263,19.2,9.02E-05,0.010000155
471000,263,19.2,6.38E-05,0.01000015
472000,264,19.3,6.86E-05,0.010000145
473000,264,19.3,6.16E-05,0.010000141
474000,265,19.3,0.000148115,0.010000136
475000,265,19.3,0.00011176,0.010000132
476000,266,19.3,0.000970018,0.010000127
477000,266,19.3,0.000464096,0.010000123
478000,266,19.3,0.000232819,0.010000119
479000,267,18.6,0.000363692,0.010000115
480000,267,18.6,0.000377412,0.010000111
481000,268,18.5,0.000216169,0.010000108
482000,268,18.5,0.001858722,0.010000104
483000,269,18.5,0.000426635,0.010000101
484000,269,18.5,0.0002208,0.010000098
485000,270,18.4,0.0001893,0.010000094
486000,271,18.6,0.000152009,0.010000091
487000,271,18.6,0.00036049,0.010000088
488000,271,18.6,0.002955239,0.010000085
489000,272,18.4,0.000226653,0.010000083
490000,272,18.4,0.000344709,0.01000008
491000,273,18.2,0.000580013,0.010000077
492000,273,18.2,0.0001241,0.010000075
493000,275,13.9,0.000276164,0.010000072
494000,275,13.9,0.000497535,0.01000007
495000,276,13.8,0.000111198,0.010000068
496000,276,13.8,0.000225165,0.010000065
497000,277,14.7,0.000417796,0.010000063
498000,277,14.7,0.000407218,0.010000061
499000,277,14.7,0.00029817,0.010000059
500000,278,14.7,0.000471206,0.010000057
501000,279,10.6,0.000127978,0.010000055
502000,280,10.8,0.000106144,0.010000054
503000,280,10.8,0.000239074,0.010000052
504000,281,10.4,0.000248076,0.01000005
505000,281,10.4,0.000168423,0.010000048
506000,282,10.6,0.000410528,0.010000047
507000,282,10.6,0.000286257,0.010000045
508000,282,10.6,0.000173316,0.010000044
509000,283,10.2,0.001038254,0.010000042
510000,283,10.2,0.000206123,0.010000041
511000,284,9.2,0.000588451,0.01000004
512000,284,9.2,0.000288593,0.010000038
513000,285,13.2,0.000306668,0.010000037
514000,285,13.2,0.00032511,0.010000036
515000,286,13.7,0.000236035,0.010000035
516000,286,13.7,0.000235769,0.010000034
517000,287,13.8,0.00067533,0.010000032
518000,287,13.8,0.000158915,0.010000031
519000,288,13.8,0.000121283,0.01000003
520000,289,17.9,0.000117104,0.010000029
521000,289,17.9,0.000192449,0.010000028
522000,289,17.9,0.000289518,0.010000027
523000,290,17.4,0.000142076,0.010000027
524000,291,17.7,0.000432567,0.010000026
525000,291,17.7,0.000222641,0.010000025
526000,292,17.4,0.000154688,0.010000024
527000,292,17.4,0.000173025,0.010000023
528000,293,18,0.000184049,0.010000022
529000,293,18,0.000229242,0.010000022
530000,293,18,0.000536709,0.010000021
531000,294,17.3,0.000353105,0.01000002
532000,294,17.3,0.000199879,0.01000002
533000,295,17.2,0.001208453,0.010000019
534000,295,17.2,0.00013131,0.010000018
535000,296,17.1,0.000386418,0.010000018
536000,296,17.1,0.000180256,0.010000017
537000,297,17.1,0.00019596,0.010000017
538000,298,17.2,0.00029509,0.010000016
539000,298,17.2,0.001253757,0.010000016
540000,298,17.2,0.000359112,0.010000015
541000,299,16,0.000221044,0.010000015
542000,299,16,0.000421379,0.010000014
543000,300,16.4,0.000555974,0.010000014
544000,300,16.4,0.000255696,0.010000013
545000,301,16.3,0.000129132,0.010000013
546000,301,16.3,0.000386637,0.010000012
547000,302,16.6,0.000783572,0.010000012
548000,302,16.6,0.000229121,0.010000012
549000,303,16.5,0.000491534,0.010000011
550000,303,16.5,0.000784458,0.010000011
551000,304,18.4,0.000620713,0.01000001
552000,305,18.4,0.000150427,0.01000001
553000,305,18.4,9.86E-05,0.01000001
554000,306,18.3,0.000746748,0.010000009
555000,306,18.3,7.24E-05,0.010000009
556000,307,18.4,0.000153778,0.010000009
557000,307,18.4,0.000214648,0.010000009
558000,307,18.4,0.000127383,0.010000008
559000,308,17.2,0.000179827,0.010000008
560000,308,17.2,0.000185708,0.010000008
561000,309,18.4,0.000162612,0.010000007
562000,310,18.5,0.000243121,0.010000007
563000,310,18.5,0.00018768,0.010000007
564000,311,18.5,0.000879392,0.010000007
565000,311,18.5,0.000303458,0.010000007
566000,311,18.5,0.00035345,0.010000006
567000,312,17.9,0.000257929,0.010000006
568000,312,17.9,0.00014267,0.010000006
569000,313,17.8,0.000207629,0.010000006
570000,313,17.8,0.000371069,0.010000006
571000,314,17.9,0.0002474,0.010000005
572000,314,17.9,0.000242176,0.010000005
573000,315,18.1,0.000286151,0.010000005
574000,316,18.1,0.0001172,0.010000005
575000,316,18.1,0.000168833,0.010000005
576000,317,17.8,0.00046115,0.010000005
577000,317,17.8,0.0001591,0.010000004
578000,318,19.1,0.000161524,0.010000004
579000,318,19.1,0.000240898,0.010000004
580000,319,18.8,0.000161479,0.010000004
581000,319,18.8,9.15E-05,0.010000004
582000,320,18.6,0.000209339,0.010000004
583000,320,18.6,0.000253623,0.010000004
584000,321,18.5,0.000136362,0.010000003
585000,321,18.5,0.00013459,0.010000003
586000,322,19.1,0.000124362,0.010000003
587000,322,19.1,0.000246424,0.010000003
588000,323,19.3,6.48E-05,0.010000003
589000,324,19.3,8.88E-05,0.010000003
590000,324,19.3,0.000218814,0.010000003
591000,325,19.4,0.000354762,0.010000003
592000,325,19.4,0.000535625,0.010000003
593000,326,19.6,0.00012222,0.010000003
594000,326,19.6,0.000150386,0.010000002
595000,327,19.8,0.000360544,0.010000002
596000,327,19.8,8.15E-05,0.010000002
597000,328,19.8,6.08E-05,0.010000002
598000,329,20.2,7.44E-05,0.010000002
599000,329,20.2,5.08E-05,0.010000002
600000,330,20.2,0.000150099,0.010000002
601000,330,20.2,0.000792987,0.010000002
602000,331,20.1,0.000457825,0.010000002
603000,331,20.1,0.000209976,0.010000002
604000,332,20.1,0.000327615,0.010000002
605000,332,20.1,9.65E-05,0.010000002
606000,333,20,0.000231655,0.010000002
607000,333,20,0.000406323,0.010000002
608000,334,19.6,0.000290488,0.010000002
609000,334,19.6,0.000489707,0.010000002
610000,335,19.6,0.00019988,0.010000001
611000,335,19.6,0.000177154,0.010000001
612000,336,19.4,0.00036674,0.010000001
613000,336,19.4,0.00012499,0.010000001
614000,337,19.4,0.000319815,0.010000001
615000,337,19.4,0.00014191,0.010000001
616000,338,19.4,0.000222503,0.010000001
617000,338,19.4,0.000176373,0.010000001
618000,339,18.6,0.000215627,0.010000001
619000,339,18.6,0.000478306,0.010000001
620000,340,18.3,0.000491232,0.010000001
621000,340,18.3,0.000538318,0.010000001
622000,341,18.6,0.000196996,0.010000001
623000,341,18.6,0.000270658,0.010000001
624000,342,18.7,0.0003744,0.010000001
625000,343,18.8,0.000493353,0.010000001
626000,343,18.8,0.000179277,0.010000001
627000,344,19.1,0.000133745,0.010000001
628000,344,19.1,0.000209333,0.010000001
629000,345,19,6.93E-05,0.010000001
630000,345,19,6.97E-05,0.010000001
631000,346,19.1,0.000237343,0.010000001
632000,347,19,6.73E-05,0.010000001
633000,347,19,0.000509481,0.010000001
634000,348,18.8,0.000176305,0.010000001
635000,348,18.8,0.000249436,0.010000001
636000,349,19.4,0.00015837,0.010000001
637000,349,19.4,0.00011261,0.010000001
638000,350,19.9,6.93E-05,0.010000001
639000,351,19.9,0.000169041,0.010000001
640000,351,19.9,0.000122652,0.010000001
641000,352,19.9,0.000198605,0.010000001
642000,352,19.9,5.24E-05,0.010000001
643000,353,19.9,3.86E-05,0.01
644000,354,19.9,7.29E-05,0.01
645000,354,19.9,5.44E-05,0.01
646000,355,19.9,8.02E-05,0.01
647000,355,19.9,8.15E-05,0.01
648000,356,19.8,0.00014921,0.01
649000,356,19.8,0.000269219,0.01
650000,357,19.8,7.94E-05,0.01
651000,357,19.8,5.19E-05,0.01
652000,358,19.9,0.000112177,0.01
653000,359,20,5.99E-05,0.01
654000,359,20,9.87E-05,0.01
655000,360,19.9,0.001172644,0.01
656000,360,19.9,0.000238118,0.01
657000,361,19.7,0.000144127,0.01
658000,361,19.7,0.000354986,0.01
659000,362,19.5,9.26E-05,0.01
660000,362,19.5,9.85E-05,0.01
661000,363,19.4,0.000150809,0.01
662000,364,19.4,0.000181315,0.01
663000,364,19.4,0.000175944,0.01
664000,365,19.4,0.00017831,0.01
665000,365,19.4,0.000215247,0.01
666000,366,19.5,0.000207438,0.01
667000,366,19.5,0.001458616,0.01
668000,367,19.4,7.23E-05,0.01
669000,368,19.4,0.00011379,0.01
670000,368,19.4,0.000176097,0.01
671000,369,19.4,0.000103934,0.01
672000,369,19.4,7.21E-05,0.01
673000,370,19.4,0.00016644,0.01
674000,370,19.4,0.000545672,0.01
675000,371,19.4,0.000173822,0.01
676000,371,19.4,0.000169345,0.01
677000,372,19.2,0.000224375,0.01
678000,372,19.2,0.000217691,0.01
679000,373,19.2,0.001456957,0.01
680000,373,19.2,0.001091561,0.01
681000,374,19.2,0.00059655,0.01
682000,374,19.2,0.000810121,0.01
683000,375,19,0.000132556,0.01
684000,375,19,0.000147585,0.01
685000,376,18.9,0.000395676,0.01
686000,376,18.9,0.000179674,0.01
687000,377,18.8,0.00031349,0.01
688000,377,18.8,0.000329894,0.01
689000,378,18.6,0.002079516,0.01
690000,378,18.6,0.000116249,0.01
691000,379,18.6,0.000200565,0.01
692000,380,18.6,0.000217597,0.01
693000,380,18.6,0.000195642,0.01
694000,381,18.8,0.000145548,0.01
695000,381,18.8,0.000103331,0.01
696000,382,19.1,0.000276702,0.01
697000,382,19.1,7.07E-05,0.01
698000,383,18.8,0.000462373,0.01
699000,383,18.8,0.00012198,0.01
700000,384,18.7,8.88E-05,0.01
701000,385,19,6.21E-05,0.01
702000,385,19,0.000129616,0.01
703000,386,19.2,0.000143645,0.01
704000,386,19.2,7.75E-05,0.01
705000,387,19.4,7.37E-05,0.01
706000,388,19.7,6.57E-05,0.01
707000,388,19.7,0.000111907,0.01
708000,389,19.6,5.04E-05,0.01
709000,389,19.6,9.41E-05,0.01
710000,390,19.6,8.14E-05,0.01
711000,390,19.6,0.000159629,0.01
712000,391,19.2,0.000171072,0.01
713000,391,19.2,6.46E-05,0.01
714000,392,19.3,0.000125185,0.01
715000,392,19.3,0.000292939,0.01
716000,393,19.5,6.73E-05,0.01
717000,394,19.6,0.00040226,0.01
718000,394,19.6,0.000343446,0.01
719000,395,19.4,6.93E-05,0.01
720000,395,19.4,0.001403426,0.01
721000,396,18.9,0.000307513,0.01
722000,396,18.9,0.000238358,0.01
723000,397,18.9,0.00063882,0.01
724000,397,18.9,0.001494438,0.01
725000,398,18.8,0.000931821,0.01
726000,398,18.8,0.000649536,0.01
727000,399,18.9,8.10E-05,0.01
728000,400,19,0.000276967,0.01
729000,400,19,0.000160662,0.01
730000,400,19,0.000206583,0.01
731000,401,19,0.000135882,0.01
732000,402,18.9,6.68E-05,0.01
733000,402,18.9,0.00035415,0.01
734000,403,19.1,0.000177298,0.01
735000,403,19.1,0.000428492,0.01
736000,404,19,0.000120538,0.01
737000,404,19,0.00022636,0.01
738000,405,19,0.000471374,0.01
739000,405,19,0.000131702,0.01
740000,406,19.4,9.59E-05,0.01
741000,407,19.6,9.82E-05,0.01
742000,407,19.6,6.65E-05,0.01
743000,408,19.5,0.000136222,0.01
744000,408,19.5,0.000405545,0.01
745000,409,19.5,0.000104007,0.01
746000,410,19.5,7.81E-05,0.01
747000,410,19.5,0.000140406,0.01
748000,411,19.5,0.000181024,0.01
749000,411,19.5,0.000122617,0.01
750000,412,19.6,0.00115281,0.01
751000,412,19.6,0.000132082,0.01
752000,413,19.1,0.000199871,0.01
753000,413,19.1,0.000179359,0.01
754000,414,19.2,0.000247108,0.01
755000,414,19.2,0.000181746,0.01
756000,414,19.2,8.14E-05,0.01
757000,415,19.1,0.000109569,0.01
758000,415,19.1,9.01E-05,0.01
759000,416,19.2,0.000142955,0.01
760000,417,19,9.13E-05,0.01
761000,417,19,0.000203508,0.01
762000,418,19.1,5.80E-05,0.01
763000,418,19.1,7.76E-05,0.01
764000,419,19.2,0.000160913,0.01
765000,420,19.2,8.52E-05,0.01
766000,420,19.2,8.87E-05,0.01
767000,421,19.7,0.000233057,0.01
768000,421,19.7,7.79E-05,0.01
769000,422,19.5,0.000102399,0.01
770000,423,20.1,7.01E-05,0.01
771000,423,20.1,6.32E-05,0.01
772000,424,20.1,8.58E-05,0.01
773000,424,20.1,0.000366922,0.01
774000,424,20.1,0.000101692,0.01
775000,425,19.9,0.000128417,0.01
776000,426,19.8,0.001077636,0.01
777000,426,19.8,6.94E-05,0.01
778000,427,19.9,0.000447585,0.01
779000,427,19.9,9.75E-05,0.01
780000,428,20,8.68E-05,0.01
781000,429,19.8,0.00012621,0.01
782000,429,19.8,9.50E-05,0.01
783000,429,19.8,6.45E-05,0.01
784000,430,19.3,9.35E-05,0.01
785000,431,19.2,0.00017548,0.01
786000,431,19.2,0.000169507,0.01
787000,432,19.2,0.000434528,0.01
788000,432,19.2,9.49E-05,0.01
789000,433,19.2,5.78E-05,0.01
790000,433,19.2,9.62E-05,0.01
791000,434,19.2,6.32E-05,0.01
792000,435,19.7,0.000105178,0.01
793000,435,19.7,7.22E-05,0.01
794000,436,19.7,6.04E-05,0.01
795000,436,19.7,5.14E-05,0.01
796000,437,19.5,0.000720073,0.01
797000,437,19.5,5.78E-05,0.01
798000,438,19.4,0.000210161,0.01
799000,438,19.4,0.000578825,0.01
800000,439,18.7,0.000361302,0.01
801000,439,18.7,0.000783761,0.01
802000,439,18.7,0.000377843,0.01
803000,440,18.4,0.000329927,0.01
804000,440,18.4,0.000574209,0.01
805000,441,17.9,0.000764277,0.01
806000,441,17.9,0.000393025,0.01
807000,442,17.9,0.000272559,0.01
808000,442,17.9,0.000128454,0.01
809000,443,17.9,0.000314521,0.01
810000,443,17.9,0.000175557,0.01
811000,444,17.9,0.000257378,0.01
812000,445,17.7,0.00130851,0.01
813000,445,17.7,0.00014008,0.01
814000,446,17.4,0.000326187,0.01
815000,446,17.4,0.000394635,0.01
816000,446,17.4,0.000186633,0.01
817000,447,17.2,0.000166392,0.01
818000,448,17.2,0.000154847,0.01
819000,448,17.2,0.000263362,0.01
820000,449,17.6,0.000287138,0.01
821000,449,17.6,0.000195137,0.01
822000,450,18.3,0.000119657,0.01
823000,450,18.3,8.28E-05,0.01
824000,451,18.6,0.000450872,0.01
825000,451,18.6,0.0001219,0.01
826000,452,18.6,0.000154279,0.01
827000,452,18.6,0.000184662,0.01
828000,453,18.5,0.000402184,0.01
829000,454,18.4,0.000136783,0.01
830000,454,18.4,0.000237903,0.01
831000,455,18.4,0.000373464,0.01
832000,455,18.4,0.000147819,0.01
833000,456,18.7,0.000140692,0.01
834000,456,18.7,0.000148606,0.01
835000,457,19,0.004062369,0.01
836000,457,19,0.000296735,0.01
837000,458,18.9,0.000264137,0.01
838000,458,18.9,0.000430064,0.01
839000,459,19.3,0.000366877,0.01
840000,459,19.3,0.000141375,0.01
841000,460,19.3,0.000190623,0.01
842000,460,19.3,0.000362007,0.01
843000,461,19.6,3.87E-05,0.01
844000,462,19.8,0.000134902,0.01
845000,462,19.8,7.64E-05,0.01
846000,463,19.8,0.000726264,0.01
847000,463,19.8,0.000189601,0.01
848000,464,19.9,8.59E-05,0.01
849000,464,19.9,6.52E-05,0.01
850000,465,20.1,0.000208822,0.01
851000,466,20.1,8.66E-05,0.01
852000,466,20.1,0.000297562,0.01
853000,467,20.1,7.84E-05,0.01
854000,467,20.1,6.17E-05,0.01
855000,468,20.2,0.000453714,0.01
856000,468,20.2,6.32E-05,0.01
857000,469,20.2,0.000161246,0.01
858000,470,20.3,6.47E-05,0.01
859000,470,20.3,0.000105625,0.01
860000,471,20.2,0.000561465,0.01
861000,471,20.2,0.000187192,0.01
862000,472,20.2,0.000131484,0.01
863000,472,20.2,8.43E-05,0.01
864000,473,20.3,7.66E-05,0.01
865000,474,20.3,0.000100456,0.01
866000,474,20.3,6.36E-05,0.01
867000,474,20.3,0.000203634,0.01
868000,475,19.4,0.000381042,0.01
869000,475,19.4,0.000318229,0.01
870000,476,19.4,0.000302796,0.01
871000,476,19.4,0.000464009,0.01
872000,477,19.5,6.70E-05,0.01
873000,477,19.5,0.000528212,0.01
874000,478,19.4,0.000236962,0.01
875000,479,19.5,0.000359879,0.01
876000,479,19.5,0.000176033,0.01
877000,480,19.4,0.000117559,0.01
878000,480,19.4,8.17E-05,0.01
879000,481,19.3,0.000275186,0.01
880000,482,19.3,0.000186049,0.01
881000,482,19.3,0.000152982,0.01
882000,482,19.3,0.000110693,0.01
883000,483,18.9,0.000100509,0.01
884000,484,19,0.000153581,0.01
885000,484,19,7.43E-05,0.01
886000,485,19.8,8.50E-05,0.01
887000,485,19.8,0.000180651,0.01
888000,486,19.6,0.000101117,0.01
889000,486,19.6,8.06E-05,0.01
890000,487,19.6,0.000756626,0.01
891000,488,19.7,0.001784649,0.01
892000,488,19.7,0.000155028,0.01
893000,489,19.5,9.35E-05,0.01
894000,489,19.5,8.91E-05,0.01
895000,490,19.6,6.39E-05,0.01
896000,491,19.7,8.62E-05,0.01
897000,491,19.7,8.37E-05,0.01
898000,492,19.5,0.000118838,0.01
899000,492,19.5,7.93E-05,0.01
900000,493,19.8,0.000115629,0.01
901000,493,19.8,0.000108256,0.01
902000,494,19.5,0.000105362,0.01
903000,494,19.5,0.000104396,0.01
904000,495,19.6,5.60E-05,0.01
905000,496,19.8,0.00036262,0.01
906000,496,19.8,0.000118518,0.01
907000,497,19.5,0.000148871,0.01
908000,497,19.5,8.27E-05,0.01
909000,498,19.5,0.000174814,0.01
910000,498,19.5,9.79E-05,0.01
911000,499,19.6,0.000121647,0.01
912000,499,19.6,0.000152188,0.01
913000,500,19.4,7.67E-05,0.01
914000,500,19.4,0.000772126,0.01
915000,501,19.3,0.000172305,0.01
916000,502,19.3,0.000107048,0.01
917000,502,19.3,0.000232229,0.01
918000,503,19.2,6.43E-05,0.01
919000,503,19.2,0.000417543,0.01
920000,504,19.3,0.000106813,0.01
921000,504,19.3,0.000148651,0.01
922000,505,19.2,0.000441925,0.01
923000,505,19.2,0.00014316,0.01
924000,506,19,0.000127114,0.01
925000,506,19,0.000109702,0.01
926000,507,19.1,0.00025169,0.01
927000,507,19.1,0.000105808,0.01
928000,508,19,0.000287096,0.01
929000,509,18.9,0.000241207,0.01
930000,509,18.9,0.000132163,0.01
931000,510,19,0.000175217,0.01
932000,510,19,0.000141865,0.01
933000,511,18.9,0.000281084,0.01
934000,511,18.9,0.000318514,0.01
935000,512,19,0.000237244,0.01
936000,512,19,7.11E-05,0.01
937000,513,19.2,0.000110696,0.01
938000,513,19.2,0.000176832,0.01
939000,514,19.1,0.000570772,0.01
940000,515,19.2,0.000110696,0.01
941000,515,19.2,0.000126709,0.01
942000,516,19.2,0.000142332,0.01
943000,516,19.2,6.95E-05,0.01
944000,517,19.4,0.000364384,0.01
945000,517,19.4,0.000738009,0.01
946000,518,19.5,0.000258807,0.01
947000,518,19.5,0.000619236,0.01
948000,519,19.4,0.000151881,0.01
949000,519,19.4,0.00040031,0.01
950000,520,19.4,0.000335422,0.01
951000,520,19.4,0.000206061,0.01
952000,521,19.5,7.21E-05,0.01
953000,522,19.6,5.63E-05,0.01
954000,522,19.6,0.000284878,0.01
955000,523,19.6,0.000156336,0.01
956000,523,19.6,0.000353011,0.01
957000,524,19.8,0.000331467,0.01
958000,524,19.8,0.000106435,0.01
959000,525,19.7,7.84E-05,0.01
960000,525,19.7,0.001456319,0.01
961000,526,19.9,0.000221342,0.01
962000,526,19.9,0.000104856,0.01
963000,527,19.6,0.000211695,0.01
964000,528,19.6,0.000140751,0.01
965000,528,19.6,0.000180745,0.01
966000,529,19,0.000109082,0.01
967000,529,19,0.000293341,0.01
968000,530,19.1,0.000124586,0.01
969000,530,19.1,0.000228173,0.01
970000,531,19,0.000180646,0.01
971000,531,19,0.000140242,0.01
972000,532,18.8,0.000680682,0.01
973000,532,18.8,0.000224093,0.01
974000,533,18.8,0.000131437,0.01
975000,533,18.8,0.000122277,0.01
976000,534,18.8,6.91E-05,0.01
977000,535,18.9,0.000174625,0.01
978000,535,18.9,8.66E-05,0.01
979000,536,18.9,0.0001116,0.01
980000,536,18.9,0.000120412,0.01
981000,537,19.1,9.35E-05,0.01
982000,537,19.1,0.000112866,0.01
983000,538,17.7,0.000306451,0.01
984000,538,17.7,0.000480918,0.01
985000,538,17.7,0.00014514,0.01
986000,539,18,0.00010652,0.01
987000,540,18,0.000197557,0.01
988000,540,18,0.000160433,0.01
989000,541,18.3,0.000112439,0.01
990000,541,18.3,0.000178736,0.01
991000,542,18.4,0.000983538,0.01
992000,542,18.4,0.000192493,0.01
993000,543,18.3,0.000128475,0.01
994000,543,18.3,0.000593041,0.01
995000,544,17.9,0.000146884,0.01
996000,544,17.9,0.00062841,0.01
997000,545,17.6,0.000224222,0.01
998000,546,17.7,0.000413891,0.01
999000,546,17.7,0.00065173,0.01
1000000,547,17.8,0.000156547,0.01
1001000,547,17.8,0.000108637,0.01
1002000,547,17.8,0.000221139,0.01
1003000,548,18.8,0.000174643,0.01
1004000,548,18.8,0.000185589,0.01
1005000,549,19,0.000179765,0.01
1006000,549,19,0.000130329,0.01
1007000,550,18.9,0.000138808,0.01
1008000,551,18.9,0.000988963,0.01
1009000,551,18.9,0.000298739,0.01
1010000,552,18.9,0.000158916,0.01
1011000,552,18.9,0.000395637,0.01
1012000,553,18.8,0.000377738,0.01
1013000,553,18.8,0.000408164,0.01
1014000,554,19.2,0.000190884,0.01
1015000,554,19.2,0.000163617,0.01
1016000,555,19.2,0.000184253,0.01
1017000,555,19.2,0.000115613,0.01
1018000,556,18.1,8.81E-05,0.01
1019000,556,18.1,7.72E-05,0.01
1020000,557,18.1,0.000198237,0.01
1021000,557,18.1,0.000157045,0.01
1022000,558,18.3,0.000114138,0.01
1023000,558,18.3,7.27E-05,0.01
1024000,559,18.6,0.000104167,0.01
1025000,559,18.6,9.05E-05,0.01
1026000,560,18.7,0.00016239,0.01
1027000,560,18.7,0.000111676,0.01
1028000,561,18.6,0.000118158,0.01
1029000,562,18.6,0.0001497,0.01
1030000,562,18.6,0.000123713,0.01
1031000,563,18.7,0.00013096,0.01
1032000,563,18.7,5.82E-05,0.01
1033000,564,18.6,0.00011397,0.01
1034000,564,18.6,5.93E-05,0.01
1035000,565,18.8,0.000105224,0.01
1036000,566,19.8,7.75E-05,0.01
1037000,566,19.8,8.75E-05,0.01
1038000,567,19.7,0.000121761,0.01
1039000,567,19.7,7.78E-05,0.01
1040000,568,20,8.19E-05,0.01
1041000,568,20,0.000250602,0.01
1042000,569,20.1,0.000120275,0.01
1043000,570,19.9,5.73E-05,0.01
1044000,570,19.9,5.27E-05,0.01
1045000,571,19.9,0.00012007,0.01
1046000,571,19.9,0.000149216,0.01
1047000,572,19.7,0.000112015,0.01
1048000,572,19.7,8.92E-05,0.01
1049000,573,19.6,0.000160328,0.01
1050000,573,19.6,7.82E-05,0.01
1051000,574,19.7,8.49E-05,0.01
1052000,574,19.7,7.83E-05,0.01
1053000,575,19.7,6.36E-05,0.01
1054000,576,19.7,0.000215554,0.01
1055000,576,19.7,0.000214435,0.01
1056000,576,19.7,0.000535502,0.01
1057000,577,19.1,0.000335555,0.01
1058000,577,19.1,0.000709704,0.01
1059000,578,19,0.000240808,0.01
1060000,578,19,0.000766088,0.01
1061000,578,19,0.000579841,0.01
1062000,578,19,0.000286388,0.01
1063000,578,19,0.000583903,0.01
1064000,579,17,0.000250076,0.01
1065000,579,17,0.000309061,0.01
1066000,580,16.7,0.000212425,0.01
1067000,580,16.7,0.000171229,0.01
1068000,581,16.5,0.000211856,0.01
1069000,581,16.5,0.000230815,0.01
1070000,582,16.7,0.000155279,0.01
1071000,582,16.7,0.00119112,0.01
1072000,583,16.7,0.000110285,0.01
1073000,583,16.7,0.000117339,0.01
1074000,584,16.4,0.000159522,0.01
1075000,585,16.4,0.000165954,0.01
1076000,585,16.4,0.000244483,0.01
1077000,586,16.5,0.000194116,0.01
1078000,586,16.5,0.00029562,0.01
1079000,587,17.3,0.000153138,0.01
1080000,587,17.3,8.17E-05,0.01
1081000,588,17.3,0.000102448,0.01
1082000,588,17.3,0.000118065,0.01
1083000,589,19.2,0.000260768,0.01
1084000,589,19.2,0.000158132,0.01
1085000,590,19.5,0.000324153,0.01
1086000,590,19.5,0.000174661,0.01
1087000,591,19.6,0.000245555,0.01
1088000,591,19.6,6.15E-05,0.01
1089000,592,19.3,0.001117128,0.01
1090000,592,19.3,0.00013805,0.01
1091000,593,19.4,9.01E-05,0.01
1092000,594,19.7,8.19E-05,0.01
1093000,594,19.7,0.000113985,0.01
1094000,595,19.6,5.11E-05,0.01
1095000,595,19.6,0.000198376,0.01
1096000,596,19.3,0.0003815,0.01
1097000,596,19.3,0.000148284,0.01
1098000,597,19.3,0.000184419,0.01
1099000,597,19.3,9.92E-05,0.01
1100000,598,19.4,0.000109362,0.01
1101000,598,19.4,0.000173257,0.01
1102000,599,19.5,8.86E-05,0.01
1103000,599,19.5,0.000410536,0.01
1104000,600,19,0.00057492,0.01
1105000,600,19,0.000131518,0.01
1106000,601,19,0.000125065,0.01
1107000,601,19,0.000187397,0.01
1108000,602,19.2,0.001060576,0.01
1109000,602,19.2,0.000389248,0.01
1110000,603,19.3,0.00015078,0.01
1111000,603,19.3,0.000140747,0.01
1112000,604,19.4,0.000351352,0.01
1113000,604,19.4,0.000109348,0.01
1114000,605,19.5,0.000111458,0.01
1115000,605,19.5,0.000116177,0.01
1116000,606,19.4,8.95E-05,0.01
1117000,607,19.3,7.69E-05,0.01
1118000,607,19.3,0.000133281,0.01
1119000,608,19.2,0.000180194,0.01
1120000,608,19.2,9.96E-05,0.01
1121000,609,18.9,0.000185949,0.01
1122000,609,18.9,7.40E-05,0.01
1123000,610,19.5,0.000456782,0.01
1124000,610,19.5,0.000264113,0.01
1125000,611,19.6,0.000104704,0.01
1126000,612,19.8,5.35E-05,0.01
1127000,612,19.8,5.28E-05,0.01
1128000,613,19.7,0.000231563,0.01
1129000,613,19.7,6.35E-05,0.01
1130000,614,19.5,0.000124006,0.01
1131000,614,19.5,0.000371379,0.01
1132000,615,19.2,0.000136397,0.01
1133000,615,19.2,0.000180451,0.01
1134000,616,19.4,0.000712124,0.01
1135000,616,19.4,0.000382154,0.01
1136000,617,19.3,0.000156719,0.01
1137000,617,19.3,0.000233137,0.01
1138000,618,19.3,0.000158667,0.01
1139000,618,19.3,0.000345667,0.01
1140000,619,19.4,0.00017873,0.01
1141000,620,19.5,0.000150067,0.01
1142000,620,19.5,0.00012593,0.01
1143000,621,19.4,9.36E-05,0.01
1144000,621,19.4,0.000145167,0.01
1145000,622,19.3,8.08E-05,0.01
1146000,622,19.3,7.07E-05,0.01
1147000,623,19.3,0.000118981,0.01
1148000,623,19.3,0.000212579,0.01
1149000,624,19.3,0.00020752,0.01
1150000,624,19.3,0.000152794,0.01
1151000,625,19.6,0.000144405,0.01
1152000,625,19.6,0.000162172,0.01
1153000,626,19.5,8.65E-05,0.01
1154000,626,19.5,0.000165937,0.01
1155000,627,19.5,0.000129805,0.01
1156000,628,19.5,0.000123176,0.01
1157000,628,19.5,6.79E-05,0.01
1158000,629,19.6,7.52E-05,0.01
1159000,629,19.6,0.000491072,0.01
1160000,630,19.5,0.000114335,0.01
1161000,630,19.5,3.75E-05,0.01
1162000,631,19.3,0.000195746,0.01
1163000,631,19.3,0.000226787,0.01
1164000,632,19.3,0.000117324,0.01
1165000,632,19.3,5.71E-05,0.01
1166000,633,19.2,0.000396656,0.01
1167000,633,19.2,8.85E-05,0.01
1168000,634,19.2,0.000631443,0.01
1169000,634,19.2,9.37E-05,0.01
1170000,635,19,0.0003494,0.01
1171000,635,19,0.000101866,0.01
1172000,636,19.2,8.77E-05,0.01
1173000,637,19.2,0.000103478,0.01
1174000,637,19.2,0.000140955,0.01
1175000,638,19.3,0.000109069,0.01
1176000,638,19.3,0.000147994,0.01
1177000,639,19.4,0.000134518,0.01
1178000,639,19.4,0.000120467,0.01
1179000,640,19.3,0.000257319,0.01
1180000,640,19.3,5.40E-05,0.01
1181000,641,19.5,8.52E-05,0.01
1182000,641,19.5,0.000107689,0.01
1183000,642,19.5,7.62E-05,0.01
1184000,643,19.5,9.51E-05,0.01
1185000,643,19.5,0.000117056,0.01
1186000,644,19.5,0.000127823,0.01
1187000,644,19.5,0.000128077,0.01
1188000,645,19.7,0.001161507,0.01
1189000,645,19.7,0.000138104,0.01
1190000,646,19.5,0.000182081,0.01
1191000,646,19.5,5.50E-05,0.01
1192000,647,19.6,0.000162166,0.01
1193000,647,19.6,0.00020848,0.01
1194000,648,19.5,9.60E-05,0.01
1195000,649,19.4,8.81E-05,0.01
1196000,649,19.4,0.000976297,0.01
1197000,650,19.5,0.00014471,0.01
1198000,650,19.5,0.000119279,0.01
1199000,651,19.7,0.000130434,0.01
1200000,651,19.7,7.63E-05,0.01
1201000,652,19.8,8.45E-05,0.01
1202000,653,19.9,0.000818647,0.01
1203000,653,19.9,4.55E-05,0.01
1204000,654,20.1,0.000873188,0.01
1205000,654,20.1,6.13E-05,0.01
1206000,655,20.1,5.29E-05,0.01
1207000,655,20.1,5.86E-05,0.01
1208000,656,19.9,0.000188243,0.01
1209000,656,19.9,0.000110548,0.01
1210000,657,19.9,0.00022198,0.01
1211000,657,19.9,9.70E-05,0.01
1212000,658,19.7,0.000175952,0.01
1213000,658,19.7,0.000130212,0.01
1214000,659,19.8,8.93E-05,0.01
1215000,659,19.8,0.000219775,0.01
1216000,660,19.8,0.00017118,0.01
1217000,660,19.8,7.01E-05,0.01
1218000,661,19.6,9.94E-05,0.01
1219000,662,19.5,0.000112536,0.01
1220000,662,19.5,0.000117537,0.01
1221000,663,19.5,0.000183207,0.01
1222000,663,19.5,7.93E-05,0.01
1223000,664,19.5,9.32E-05,0.01
1224000,664,19.5,3.93E-05,0.01
1225000,665,19.5,0.0001134,0.01
1226000,666,19.8,8.55E-05,0.01
1227000,666,19.8,4.73E-05,0.01
1228000,667,19.9,0.000139985,0.01
1229000,667,19.9,0.000223357,0.01
1230000,668,20.1,0.000108888,0.01
1231000,668,20.1,8.05E-05,0.01
1232000,669,19.7,0.000196505,0.01
1233000,669,19.7,0.000144526,0.01
1234000,670,19.6,9.30E-05,0.01
1235000,670,19.6,9.87E-05,0.01
1236000,671,19.8,0.000480692,0.01
1237000,671,19.8,0.000196465,0.01
1238000,672,19.8,0.000132551,0.01
1239000,672,19.8,0.000113497,0.01
1240000,673,19.9,5.32E-05,0.01
1241000,674,19.9,0.000106034,0.01
1242000,674,19.9,6.50E-05,0.01
1243000,675,19.6,9.26E-05,0.01
1244000,675,19.6,6.47E-05,0.01
1245000,676,19.6,4.21E-05,0.01
1246000,676,19.6,7.33E-05,0.01
1247000,677,19.6,0.00017007,0.01
1248000,677,19.6,7.11E-05,0.01
1249000,678,19.4,0.000117445,0.01
1250000,678,19.4,6.61E-05,0.01
1251000,679,19.7,6.33E-05,0.01
1252000,679,19.7,0.000227343,0.01
1253000,680,19.6,0.000661383,0.01
1254000,680,19.6,0.000167906,0.01
1255000,680,19.6,0.000402167,0.01
1256000,681,18.9,0.000328268,0.01
1257000,681,18.9,0.000166714,0.01
1258000,682,18.9,0.00024073,0.01
1259000,682,18.9,0.000157009,0.01
1260000,683,18.8,0.001320587,0.01
1261000,683,18.8,0.000184438,0.01
1262000,684,18.4,0.000187276,0.01
1263000,684,18.4,0.000675531,0.01
1264000,685,18.5,0.000830068,0.01
1265000,685,18.5,0.000190492,0.01
1266000,686,18.4,0.000396517,0.01
1267000,686,18.4,0.000276081,0.01
1268000,687,18.4,9.78E-05,0.01
1269000,687,18.4,0.000180546,0.01
1270000,688,18.1,0.000107136,0.01
1271000,688,18.1,0.000245491,0.01
1272000,689,18.1,0.000319666,0.01
1273000,689,18.1,0.000192155,0.01
1274000,689,18.1,0.000329647,0.01
1275000,690,18,0.000207545,0.01
1276000,690,18,0.000167375,0.01
1277000,691,18.6,0.006219532,0.01
1278000,691,18.6,0.000357332,0.01
1279000,692,18.7,0.000849905,0.01
1280000,692,18.7,0.000127898,0.01
1281000,693,18.6,0.000143439,0.01
1282000,693,18.6,0.000210462,0.01
1283000,694,18.9,0.000200232,0.01
1284000,694,18.9,7.10E-05,0.01
1285000,695,19.1,0.000105957,0.01
1286000,695,19.1,0.000102727,0.01
1287000,696,19.3,8.82E-05,0.01
1288000,697,19.2,0.000167153,0.01
1289000,697,19.2,5.82E-05,0.01
1290000,697,19.2,0.000203056,0.01
1291000,698,19.4,0.000222949,0.01
1292000,699,19.4,7.21E-05,0.01
1293000,699,19.4,0.000225509,0.01
1294000,700,19.2,9.97E-05,0.01
1295000,700,19.2,0.000101795,0.01
1296000,701,19.3,0.000139912,0.01
1297000,701,19.3,0.000108427,0.01
1298000,702,19.2,0.00010057,0.01
1299000,702,19.2,0.000113804,0.01
1300000,703,19.3,0.000130959,0.01
1301000,703,19.3,0.00011239,0.01
1302000,704,19.2,5.85E-05,0.01
1303000,704,19.2,9.99E-05,0.01
1304000,705,19.3,0.004117942,0.01
1305000,706,19.2,0.000517056,0.01
1306000,706,19.2,6.60E-05,0.01
1307000,706,19.2,0.001492597,0.01
1308000,706,19.2,0.000429765,0.01
1309000,707,17.9,0.00014324,0.01
1310000,707,17.9,0.000223307,0.01
1311000,708,18.3,0.000300615,0.01
1312000,708,18.3,0.00039499,0.01
1313000,709,17.9,0.000248533,0.01
1314000,709,17.9,0.00010545,0.01
1315000,709,17.9,0.000326259,0.01
1316000,709,17.9,0.00018181,0.01
1317000,709,17.9,0.000207637,0.01
1318000,709,17.9,0.000485501,0.01
1319000,710,16.5,9.37E-05,0.01
1320000,711,16.5,0.000166192,0.01
1321000,711,16.5,0.000472369,0.01
1322000,712,16.5,0.000565915,0.01
1323000,712,16.5,6.81E-05,0.01
1324000,713,16.4,0.000151656,0.01
1325000,713,16.4,0.000322481,0.01
1326000,714,16.4,7.87E-05,0.01
1327000,714,16.4,6.29E-05,0.01
1328000,715,16.2,0.002073515,0.01
1329000,715,16.2,0.000224502,0.01
1330000,716,16.3,0.000121807,0.01
1331000,716,16.3,9.36E-05,0.01
1332000,717,17.6,7.99E-05,0.01
1333000,717,17.6,9.75E-05,0.01
1334000,718,17.4,0.000322359,0.01
1335000,718,17.4,0.000214369,0.01
1336000,719,17.8,0.000531161,0.01
1337000,719,17.8,9.25E-05,0.01
1338000,720,19.7,0.000372114,0.01
1339000,720,19.7,5.37E-05,0.01
1340000,720,19.7,0.000165244,0.01
1341000,721,18.9,0.000229502,0.01
1342000,721,18.9,0.00028995,0.01
1343000,722,18.9,0.000357618,0.01
1344000,723,19.1,0.000121571,0.01
1345000,723,19.1,0.000119156,0.01
1346000,724,19.3,0.000717848,0.01
1347000,724,19.3,0.000171687,0.01
1348000,725,19,0.000191244,0.01
1349000,725,19,9.62E-05,0.01
1350000,726,19.1,0.000116266,0.01
1351000,726,19.1,0.000190719,0.01
1352000,727,19.1,0.000236831,0.01
1353000,727,19.1,9.00E-05,0.01
1354000,728,19.2,0.000305065,0.01
1355000,728,19.2,0.000112449,0.01
1356000,729,19.3,6.66E-05,0.01
1357000,729,19.3,0.000269183,0.01
1358000,730,19.2,0.000208523,0.01
1359000,730,19.2,0.000173232,0.01
1360000,731,19.9,0.000155034,0.01
1361000,731,19.9,0.000197456,0.01
1362000,732,19.9,0.000138576,0.01
1363000,732,19.9,0.000183621,0.01
1364000,733,19.9,0.00134874,0.01
1365000,733,19.9,0.000105724,0.01
1366000,734,19.9,9.27E-05,0.01
1367000,734,19.9,6.48E-05,0.01
1368000,735,20.4,7.01E-05,0.01
1369000,735,20.4,8.63E-05,0.01
1370000,736,20.4,0.0001493,0.01
1371000,736,20.4,0.000124221,0.01
1372000,737,20.1,0.000170784,0.01
1373000,737,20.1,0.000120484,0.01
1374000,738,20.2,0.000356713,0.01
1375000,738,20.2,0.000140333,0.01
1376000,739,20,0.000292383,0.01
1377000,739,20,9.30E-05,0.01
1378000,740,20,6.42E-05,0.01
1379000,740,20,5.93E-05,0.01
1380000,741,20,0.000112815,0.01
1381000,741,20,7.60E-05,0.01
1382000,742,20.1,0.000310928,0.01
1383000,742,20.1,9.97E-05,0.01
1384000,743,20,0.00015571,0.01
1385000,743,20,5.65E-05,0.01
1386000,744,19.9,0.000176461,0.01
1387000,744,19.9,8.11E-05,0.01
1388000,745,19.9,5.81E-05,0.01
1389000,745,19.9,7.76E-05,0.01
1390000,746,19.9,0.000122717,0.01
1391000,746,19.9,0.000188937,0.01
1392000,747,20.2,6.65E-05,0.01
1393000,748,20.2,8.65E-05,0.01
1394000,748,20.2,0.004834874,0.01
1395000,748,20.2,0.000111858,0.01
1396000,749,20.1,8.53E-05,0.01
1397000,749,20.1,0.000212551,0.01
1398000,750,20.1,0.000708273,0.01
1399000,750,20.1,0.000141673,0.01
1400000,751,20.2,0.000133979,0.01
1401000,751,20.2,0.000148951,0.01
1402000,752,19.6,0.000255582,0.01
1403000,752,19.6,0.000187369,0.01
1404000,752,19.6,0.000108592,0.01
1405000,753,18.8,0.000234031,0.01
1406000,753,18.8,0.000190097,0.01
1407000,754,18.8,9.98E-05,0.01
1408000,754,18.8,0.000178373,0.01
1409000,755,18.8,0.000128655,0.01
1410000,755,18.8,0.000124747,0.01
1411000,756,18.8,0.000138845,0.01
1412000,756,18.8,0.000172062,0.01
1413000,757,18.8,8.90E-05,0.01
1414000,757,18.8,0.000308184,0.01
1415000,757,18.8,0.000381699,0.01
1416000,758,17.9,0.000548176,0.01
1417000,758,17.9,0.000336123,0.01
1418000,759,17.7,0.000213145,0.01
1419000,759,17.7,0.000133986,0.01
1420000,760,17.8,0.000139809,0.01
1421000,760,17.8,0.000172522,0.01
1422000,761,17.4,0.000887074,0.01
1423000,761,17.4,0.000600896,0.01
1424000,762,17.8,0.000232116,0.01
1425000,762,17.8,8.26E-05,0.01
1426000,762,17.8,0.000568815,0.01
1427000,763,17.7,0.000100541,0.01
1428000,764,17.7,0.000145815,0.01
1429000,764,17.7,0.00052431,0.01
1430000,764,17.7,0.000109426,0.01
1431000,765,17.3,6.31E-05,0.01
1432000,765,17.3,0.00013469,0.01
1433000,766,16.9,0.000104074,0.01
1434000,766,16.9,0.000220419,0.01
1435000,767,16.9,0.000109281,0.01
1436000,768,17.8,9.26E-05,0.01
1437000,768,17.8,7.90E-05,0.01
1438000,769,18.3,3.65E-05,0.01
1439000,769,18.3,9.49E-05,0.01
1440000,770,18.2,9.43E-05,0.01
1441000,770,18.2,0.000131745,0.01
1442000,771,18.3,0.000132517,0.01
1443000,771,18.3,0.000106622,0.01
1444000,772,18.3,0.000244363,0.01
1445000,772,18.3,0.000133308,0.01
1446000,773,18.8,0.000107629,0.01
1447000,773,18.8,0.000131439,0.01
1448000,774,18.9,6.82E-05,0.01
1449000,775,19.3,6.36E-05,0.01
1450000,775,19.3,0.000261846,0.01
1451000,775,19.3,0.000180001,0.01
1452000,776,19.4,0.000254419,0.01
1453000,776,19.4,0.000206399,0.01
1454000,777,19.1,0.000155087,0.01
1455000,778,19,0.000150221,0.01
1456000,778,19,0.000103282,0.01
1457000,779,18.7,0.00014452,0.01
1458000,779,18.7,0.00018149,0.01
1459000,780,18.8,0.000239028,0.01
1460000,780,18.8,0.000323338,0.01
1461000,781,18.1,9.42E-05,0.01
1462000,781,18.1,0.000111264,0.01
1463000,782,18.1,0.001274049,0.01
1464000,782,18.1,0.000164337,0.01
1465000,783,18.5,0.000416024,0.01
1466000,783,18.5,0.000124783,0.01
1467000,784,18.4,0.000223289,0.01
1468000,784,18.4,0.000145471,0.01
1469000,785,18.2,0.000148481,0.01
1470000,785,18.2,8.49E-05,0.01
1471000,786,18.4,9.05E-05,0.01
1472000,786,18.4,0.000161442,0.01
1473000,787,18.6,0.00011257,0.01
1474000,787,18.6,0.002023168,0.01
1475000,788,18.6,0.000298539,0.01
1476000,788,18.6,0.0001909,0.01
1477000,789,18.7,0.000205442,0.01
1478000,789,18.7,0.000125227,0.01
1479000,790,18.7,0.000100047,0.01
1480000,790,18.7,0.000227946,0.01
1481000,791,19.4,0.000194895,0.01
1482000,792,19.5,9.75E-05,0.01
1483000,792,19.5,0.000236206,0.01
1484000,793,19.6,0.000136088,0.01
1485000,793,19.6,9.94E-05,0.01
1486000,794,19.4,0.00011911,0.01
1487000,794,19.4,7.71E-05,0.01
1488000,795,19.6,0.000219434,0.01
1489000,795,19.6,0.000152589,0.01
1490000,796,19.5,8.83E-05,0.01
1491000,796,19.5,0.000100398,0.01
1492000,797,19.5,0.000386083,0.01
1493000,797,19.5,0.000201129,0.01
1494000,798,19.5,0.001587937,0.01
1495000,799,19.7,0.000179145,0.01
1496000,799,19.7,0.000214733,0.01
1497000,800,19.8,0.003768982,0.01
1498000,800,19.8,0.000182545,0.01
1499000,801,19.8,0.000148162,0.01
