0,0,nan,0,1.0
1000,1,-20.0,0,0.9675439394771859
2000,1,-20.0,0,0.9361519151813016
3000,3,-20.0,0,0.9057890438555999
4000,4,-20.0,0,0.8764215858525181
5000,5,-20.0,0,0.848016907641708
6000,6,-20.166666666666668,0,0.820543445547202
7000,7,-20.285714285714285,0,0.7939706706734139
8000,8,-20.375,0,0.7682690549810022
9000,9,-20.22222222222222,0,0.7434100384749007
10000,10,-20.2,0.0007397452718578279,0.7193659974680514
11000,12,-20.3,0.0317615307867527,0.6961102138855771
12000,13,-20.4,0.00023665429034736007,0.6736168455752829
13000,14,-20.5,0.029696114361286163,0.6518608975914947
14000,15,-20.4,0.0003464255132712424,0.6308181944203255
15000,16,-20.3,0.016851084306836128,0.6104653531155071
16000,17,-20.3,0.0029918071813881397,0.5907797573149315
17000,18,-20.2,0.00046929181553423405,0.5717395321090338
18000,19,-20.4,0.0014686810318380594,0.5533235197330861
19000,20,-20.4,0.002171877073124051,0.5355112560563938
20000,21,-20.4,0.0017570958007127047,0.5182829478422661
21000,22,-20.4,0.001071582199074328,0.5016194507534955
22000,23,-20.4,0.00467275083065033,0.4855022480789014
23000,24,-20.2,0.0013371238019317389,0.46991343015730236
24000,25,-20.2,0.0021052404772490263,0.45483567447604933
25000,27,-20.2,0.005279703997075558,0.4402522264220074
26000,28,-20.3,0.015919208526611328,0.4261468806635951
27000,29,-20.3,0.004525757394731045,0.4125039631431931
28000,30,-20.4,0.0018013376975432038,0.39930831365991226
29000,31,-20.3,0.003516731783747673,0.38654526902336594
30000,32,-20.4,0.0017108713509514928,0.3742006467597279
31000,33,-20.3,0.0015700273215770721,0.36226072935196846
32000,34,-20.5,0.0005539109697565436,0.35071224899675824
33000,35,-20.6,0.0011970323976129293,0.3395423728610988
34000,36,-20.7,0.0008545959135517478,0.3287386888222992
35000,38,-20.7,0.0014350919518619776,0.3182891916754517
36000,39,-20.7,0.0026531864423304796,0.3081822697930801
37000,39,-20.7,0.0010075477184727788,0.2984066922221363
38000,40,-20.3,0.015347099862992764,0.2889515962040088
39000,42,-20.2,0.0009564121719449759,0.27980647510367246
40000,43,-20.3,0.01146943960338831,0.2709611667345695
41000,43,-20.3,0.011705280281603336,0.26240584206624484
42000,44,-20.3,0.001901443349197507,0.25413099430219044
43000,45,-19.8,0.0037026710342615843,0.2461274283157594
44000,46,-19.8,0.0040745921432971954,0.23838625043241324
45000,47,-19.8,0.0037714068312197924,0.23089885854694553
46000,48,-19.7,0.004815967287868261,0.22365693256470284
47000,48,-19.7,0.0009462080779485404,0.21665242515617883
48000,49,-19.7,0.002398604294285178,0.20987755281470882
49000,49,-19.7,0.0021780882962048054,0.20332478720732888
50000,50,-19.9,0.00397223886102438,0.1969868468091862
51000,51,-19.7,0.003287114202976227,0.19085668881220733
52000,52,-19.7,0.0017865239642560482,0.18492750129903077
53000,53,-19.5,0.004062687046825886,0.1791926956735096
54000,53,-19.5,0.0018927508499473333,0.17364589933937066
55000,54,-19.3,0.0027672694995999336,0.16828094861889697
56000,55,-19.6,0.002583902794867754,0.16309188190376225
57000,56,-19.5,0.0030634617432951927,0.15807293303040873
58000,57,-19.5,0.0012674280442297459,0.15321852487260512
59000,57,-19.5,0.00043995771557092667,0.1485232631440663
60000,58,-19.5,0.0007140968809835613,0.1439819304042466
61000,59,-19.2,0.005552668124437332,0.13958948026064688
62000,59,-19.2,0.0009871397633105516,0.13534103176119272
63000,60,-19.3,0.0015062324237078428,0.13123186397045208
64000,61,-19.4,0.002434477210044861,0.12725741072366567
65000,62,-19.4,0.001977981301024556,0.12341325555276085
66000,63,-19.5,0.0042731077410280704,0.11969512677871053
67000,63,-19.5,0.001606783363968134,0.11609889276478366
68000,64,-19.5,0.002536587417125702,0.11262055732541257
69000,64,-19.5,0.007371518760919571,0.1092562552855757
70000,65,-19.5,0.007377958856523037,0.106002248185761
71000,65,-19.5,0.002104411134496331,0.10285492012773749
72000,66,-19.3,0.001849023043178022,0.09981077375651838
73000,66,-19.3,0.0015756965149194002,0.09686642637405138
74000,67,-19.3,0.0009374444489367306,0.09401860618031722
75000,68,-19.3,0.00734288664534688,0.0912641486376598
76000,68,-19.3,0.004556875675916672,0.08859999295430743
77000,69,-19.4,0.0013135124463588,0.08602317868317835
78000,69,-19.4,0.0034317760728299618,0.08353084243219053
79000,70,-19.2,0.001355957007035613,0.08112021468242014
80000,70,-19.2,0.001127341529354453,0.07878861671057352
81000,71,-19.2,0.0013404753990471363,0.07653345761235225
82000,71,-19.2,0.004047163762152195,0.07435223142340419
83000,72,-19.2,0.00740610109642148,0.07224251433466061
84000,73,-19.2,0.0020992779172956944,0.07020196199896579
85000,73,-19.2,0.00177663448266685,0.06822830692600558
86000,74,-19.2,0.0014778149779886007,0.0663193559626405
87000,74,-19.2,0.0015044311294332147,0.06447298785584316
88000,74,-19.2,0.002860183361917734,0.0626871508955323
89000,75,-18.9,0.0017343556974083185,0.060959860634683755
90000,75,-18.9,0.0028147755656391382,0.05928919768418531
91000,76,-18.4,0.005101108457893133,0.05767330557998444
92000,76,-18.4,0.004738864488899708,0.05611038872015958
93000,77,-17.7,0.0016812804387882352,0.05459871036962222
94000,77,-17.7,0.001078228815458715,0.053136590730232414
95000,77,-17.7,0.002061638981103897,0.051722405074183644
96000,78,-17.5,0.001345090102404356,0.05035458193858255
97000,78,-17.5,0.0008491112384945154,0.0490316013792174
98000,79,-17.5,0.0008166968473233283,0.04775199328157474
99000,79,-17.5,0.001271605840884149,0.046514335727227615
100000,80,-17.5,0.0005426015122793615,0.04531725341377987
101000,80,-17.5,0.0018906608456745744,0.04415941612661098
102000,81,-17.4,0.007248286623507738,0.04303953726072282
103000,81,-17.4,0.0016999116633087397,0.04195637239104627
104000,81,-17.4,0.002659466117620468,0.04090871788961859
105000,81,-17.4,0.002466618549078703,0.039895409588095315
106000,82,-16.4,0.0008722596103325486,0.03891532148410992
107000,82,-16.4,0.0010404374916106462,0.037967364490044356
108000,83,-16.1,0.000684042286593467,0.03705048522281963
109000,83,-16.1,0.0007624686695635319,0.03616366483336173
110000,83,-16.1,0.002874836092814803,0.03530591787444233
111000,84,-15.9,0.0015167868696153164,0.034476291205635994
112000,84,-15.9,0.001071249833330512,0.03367386293417726
113000,85,-16.0,0.0010020476765930653,0.032897741390540435
114000,85,-16.0,0.0008605617331340909,0.032147064137603945
115000,85,-16.0,0.0007829450769349933,0.03142099701229816
116000,86,-16.4,0.0018488914938643575,0.030718733198671723
117000,86,-16.4,0.0009307508589699864,0.030039492331346347
118000,87,-16.6,0.0009328568121418357,0.029382519628363878
119000,87,-16.6,0.0015137394657358527,0.02874708505246204
120000,87,-16.6,0.0008230371167883277,0.028132482499846838
121000,88,-16.3,0.0008777846815064549,0.027538029015560073
122000,88,-16.3,0.0013452686835080385,0.026963064034570293
123000,88,-16.3,0.0028337654657661915,0.026406948647743643
124000,89,-15.1,0.0016729291528463364,0.02586906489187911
125000,89,-15.1,0.0019286260940134525,0.02534881506301922
126000,89,-15.1,0.0010709511116147041,0.024845621052272927
127000,90,-14.6,0.0012085228227078915,0.024358923703412996
128000,90,-14.6,0.0009788135066628456,0.023888182191533762
129000,90,-14.6,0.0013176879147067666,0.023432873422078924
130000,91,-14.4,0.0016062974464148283,0.022992491449571557
131000,91,-14.4,0.0022242930717766285,0.022566546915400408
132000,92,-14.2,0.0010059901978820562,0.02215456650403775
133000,92,-14.2,0.0010635375510901213,0.021756092417084604
134000,93,-14.4,0.0008365956600755453,0.02137068186455865
135000,93,-14.4,0.0016430586110800505,0.02099790657285988
136000,93,-14.4,0.0005393459578044713,0.020637352308866957
137000,94,-14.4,0.001297204871661961,0.020288618419635564
138000,94,-14.4,0.000593452132306993,0.01995131738718725
139000,95,-14.6,0.0009558101301081479,0.01962507439789403
140000,95,-14.6,0.0018730262527242303,0.019309526925980255
141000,96,-14.3,0.0029607254546135664,0.019004324330678855
142000,96,-14.3,0.003126804018393159,0.018709127466594453
143000,97,-14.0,0.0013202052796259522,0.01842360830684022
144000,97,-14.0,0.001091596088372171,0.01814744957852983
145000,98,-14.4,0.002040460705757141,0.017880344410219386
146000,98,-14.4,0.0016856514848768711,0.017621995990907566
147000,98,-14.4,0.001390680787153542,0.017372117240215094
148000,99,-15.3,0.0042401449754834175,0.017130430489377013
149000,99,-15.3,0.0008211797685362399,0.016896667172693235
150000,100,-15.8,0.0014376839390024543,0.016670567529094613
151000,100,-15.8,0.0008571713697165251,0.016451880313492782
152000,100,-15.8,0.0006427280604839325,0.016240362517593112
153000,101,-15.8,0.0014760608319193125,0.01603577909986048
154000,101,-15.8,0.0016469707479700446,0.01583790272433784
155000,102,-16.8,0.000822508183773607,0.01564651350802733
156000,102,-16.8,0.00047990024904720485,0.015461398776553163
157000,102,-16.8,0.0011784812668338418,0.015282352827834949
158000,103,-16.5,0.0011864069383591413,0.015109176703508618
159000,103,-16.5,0.0010426846565678716,0.014941677967841115
160000,103,-16.5,0.0005687199882231653,0.014779670493893126
161000,104,-16.3,0.001415219041518867,0.014622974256692215
162000,104,-16.3,0.0020486805588006973,0.01447141513318654
163000,105,-16.3,0.0005630274536088109,0.014324824708756914
164000,105,-16.3,0.005137810483574867,0.01418304009007209
165000,105,-16.3,0.0027375975623726845,0.014045903724079427
166000,106,-16.3,0.001341361436061561,0.013913263222929729
167000,106,-16.3,0.0007702674483880401,0.01378497119464174
168000,106,-16.3,0.0012003572192043066,0.013660885079318104
169000,107,-16.2,0.0015325543936342,0.013540866990730812
170000,107,-16.2,0.0006159709882922471,0.01342478356310011
171000,107,-16.2,0.0009938396979123354,0.01331250580289656
172000,108,-16.1,0.00078694021794945,0.013203908945501627
173000,108,-16.1,0.0019775775726884604,0.013098872316567499
174000,109,-16.0,0.0019101841608062387,0.012997279197922058
175000,109,-16.0,0.0008344831294380128,0.012899016697870008
176000,109,-16.0,0.0013124537654221058,0.012803975625746051
177000,110,-15.6,0.0007505305111408234,0.012712050370580685
178000,110,-15.6,0.001055754255503416,0.01262313878374383
179000,110,-15.6,0.0017412841552868485,0.012537142065435818
180000,110,-15.6,0.0010363266337662935,0.012453964654899695
181000,111,-15.2,0.0008374578319489956,0.012373514124232755
182000,111,-15.2,0.0006323933484964073,0.012295701075679368
183000,111,-15.2,0.0006014601094648242,0.012220439042290945
184000,111,-15.2,0.0016027218662202358,0.012147644391842646
185000,112,-15.1,0.003045544493943453,0.012077236233900094
186000,112,-15.1,0.0015900901053100824,0.012009136329932777
187000,113,-15.5,0.0013989878352731466,0.01194326900637431
188000,113,-15.5,0.0011210587108507752,0.011879561070532903
189000,113,-15.5,0.0005158646963536739,0.011817941729258619
190000,113,-15.5,0.0007061220821924508,0.011758342510277036
191000,114,-15.3,0.001313239918090403,0.011700697186101896
192000,114,-15.3,0.00046519117313437164,0.011644941700442194
193000,115,-15.3,0.0025331692304462194,0.01159101409702194
194000,115,-15.3,0.0008801586227491498,0.01153885445073346
195000,115,-15.3,0.000997475115582347,0.011488404801047796
196000,115,-15.3,0.0006298379739746451,0.011439609087608146
197000,116,-15.4,0.00089783756993711,0.01139241308793481
198000,116,-15.4,0.0005901719559915364,0.011346764357172415
199000,116,-15.4,0.0009118820307776332,0.011302612169812458
200000,116,-15.4,0.0008544424781575799,0.01125990746332641
201000,117,-15.5,0.002810797654092312,0.011218602783646746
202000,117,-15.5,0.00038037472404539585,0.011178652232435323
203000,117,-15.5,0.0007910126005299389,0.011140011416080505
204000,117,-15.5,0.00044972123578190804,0.011102637396366355
205000,117,-15.5,0.0015477878041565418,0.011066488642759099
206000,118,-14.7,0.0005070019979029894,0.011031524986257802
207000,118,-14.7,0.0004931122530251741,0.010997707574758025
208000,118,-14.7,0.0004819839377887547,0.010964998829878817
209000,119,-14.7,0.000565633992664516,0.010933362405205089
210000,119,-14.7,0.0005139330169185996,0.010902763145898971
211000,119,-14.7,0.0003332829801365733,0.010873167049635271
212000,119,-14.7,0.0010405404027551413,0.010844541228817605
213000,119,-14.7,0.0005244314670562744,0.010816853874033246
214000,120,-14.4,0.0007468936964869499,0.010790074218706055
215000,120,-14.4,0.0005074196378700435,0.010764172504908237
216000,120,-14.4,0.0005558680277317762,0.010739119950292912
217000,120,-14.4,0.0005304724327288568,0.010714888716110765
218000,121,-14.3,0.0002517072716727853,0.010691451876275243
219000,121,-14.3,0.001572623965330422,0.010668783387441906
220000,121,-14.3,0.0005313828005455434,0.010646858060068707
221000,122,-14.1,0.00032518652733415365,0.01062565153042501
222000,122,-14.1,0.0003009684442076832,0.010605140233518277
223000,122,-14.1,0.0004362102481536567,0.010585301376908319
224000,122,-14.1,0.0007368749938905239,0.010566112915380012
225000,122,-14.1,0.0016844187630340457,0.010547553526446355
226000,123,-13.3,0.0003279989759903401,0.010529602586654615
227000,123,-13.3,0.0006994222057983279,0.01051224014866926
228000,123,-13.3,0.001289666281081736,0.010495446919106205
229000,124,-13.8,0.0002505300217308104,0.010479204237093727
230000,124,-13.8,0.000720477313734591,0.010463494053536249
231000,124,-13.8,0.0006082087056711316,0.010448298911057929
232000,124,-13.8,0.0004903762601315975,0.01043360192460378
233000,124,-13.8,0.0004669357440434396,0.010419386762676761
234000,125,-12.9,0.001028741244226694,0.010405637629189989
235000,125,-12.9,0.0005861545214429498,0.010392339245913908
236000,125,-12.9,0.00022657401859760284,0.0103794768354989
237000,126,-12.6,0.00033052603248506784,0.010367036105054498
238000,126,-12.6,0.0007053475710563362,0.010355003230266915
239000,126,-12.6,0.000527036318089813,0.010343364840037282
240000,126,-12.6,0.0010711840586736798,0.010332108001623487
241000,127,-12.7,0.0006567227537743747,0.010321220206269141
242000,127,-12.7,0.0010789526859298348,0.010310689355303665
243000,127,-12.7,0.000944042403716594,0.01030050374669808
244000,127,-12.7,0.000531087804120034,0.010290652062061548
245000,128,-12.8,0.0004667878383770585,0.010281123354064224
246000,128,-12.8,0.0007257213583216071,0.010271907034272422
247000,128,-12.8,0.00079489650670439,0.0102629928613826
248000,129,-12.9,0.00034821126610040665,0.010254370929841081
249000,129,-12.9,0.0005837675416842103,0.010246031658836873
250000,129,-12.9,0.0003830292553175241,0.010237965781655319
251000,129,-12.9,0.0007461431086994708,0.01023016433538081
252000,130,-12.9,0.000761284667532891,0.01022261865093706
253000,130,-12.9,0.0009731831960380077,0.010215320343453908
254000,131,-13.3,0.004624514374881983,0.010208261302949936
255000,131,-13.3,0.0008130808128044009,0.010201433685320538
256000,131,-13.3,0.0014376528561115265,0.010194829903621451
257000,131,-13.3,0.001326671103015542,0.010188442619638024
258000,132,-12.9,0.0008764448575675488,0.010182264735730903
259000,132,-12.9,0.0004834843857679516,0.010176289386949028
260000,132,-12.9,0.0006529880338348448,0.010170509933401203
261000,133,-13.0,0.0011015620548278093,0.010164919952877757
262000,133,-13.0,0.0009006992913782597,0.0101595132337141
263000,133,-13.0,0.0007190465112216771,0.010154283767888227
264000,134,-12.2,0.0003722087712958455,0.010149225744344521
265000,134,-12.2,0.0005554117378778756,0.010144333542536433
266000,134,-12.2,0.0005617173737846315,0.010139601726180843
267000,135,-12.8,0.0011731204576790333,0.010135025037217192
268000,135,-12.8,0.000630141468718648,0.01013059838996465
269000,135,-12.8,0.0016263528959825635,0.010126316865470837
270000,136,-13.2,0.0006189223495312035,0.010122175706045813
271000,136,-13.2,0.0009642303339205682,0.010118170309975267
272000,136,-13.2,0.0006339751998893917,0.010114296226407027
273000,137,-13.0,0.0009400842827744782,0.010110549150405214
274000,137,-13.0,0.0010755511466413736,0.01010692491816653
275000,137,-13.0,0.0005803328822366893,0.010103419502393388
276000,137,-13.0,0.00040941935731098056,0.010100029007818723
277000,138,-12.6,0.0005639311275444925,0.010096749666877508
278000,138,-12.6,0.0005597688141278923,0.010093577835520198
279000,138,-12.6,0.0006740819662809372,0.010090509989163391
280000,139,-12.0,0.0006831743521615863,0.010087542718773284
281000,139,-12.0,0.00037004987825639546,0.01008467272707749
282000,139,-12.0,0.0004942751256749034,0.010081896824901066
283000,139,-12.0,0.0011711621191352606,0.010079211927622667
284000,140,-11.4,0.0013413680717349052,0.010076615051746859
285000,140,-11.4,0.0005016461946070194,0.010074103311588823
286000,140,-11.4,0.000724123150575906,0.010071673916067746
287000,140,-11.4,0.00044243893353268504,0.010069324165605319
288000,141,-11.2,0.00043748365715146065,0.010067051449125945
289000,141,-11.2,0.0016879956237971783,0.010064853241155265
290000,141,-11.2,0.0006239883368834853,0.010062727099013815
291000,142,-11.2,0.000896196230314672,0.01006067066010269
292000,142,-11.2,0.0007829788373783231,0.010058681639278193
293000,142,-11.2,0.0005176073755137622,0.010056757826312546
294000,142,-11.2,0.001203275634907186,0.010054897083437856
295000,143,-11.5,0.00044259472633711994,0.010053097342970599
296000,143,-11.5,0.0007167992880567908,0.010051356605013977
297000,143,-11.5,0.00043406037730164826,0.010049672935235614
298000,143,-11.5,0.0007006815867498517,0.010048044462718085
299000,143,-11.5,0.001223910367116332,0.01004646937787994
300000,144,-10.8,0.0013647826854139566,0.010044945930464861
301000,144,-10.8,0.0004859041655436158,0.010043472427596758
302000,144,-10.8,0.00040723150596022606,0.010042047231898622
303000,144,-10.8,0.00031595409382134676,0.010040668759673048
304000,144,-10.8,0.0006207053083926439,0.010039335479142404
305000,145,-9.5,0.0007129190489649773,0.010038045908746709
306000,145,-9.5,0.00020929670426994562,0.010036798615497286
307000,145,-9.5,0.0010608781594783068,0.01003559221338442
308000,145,-9.5,0.0006112632108852267,0.010034425361837204
309000,146,-8.5,0.0005304550868459046,0.010033296764233863
310000,146,-8.5,0.0005616098642349243,0.010032205166460945
311000,146,-8.5,0.00024432275677099824,0.01003114935551973
312000,146,-8.5,0.0011776129249483347,0.01003012815817832
313000,147,-8.0,0.000806677620857954,0.01002914043966794
314000,147,-8.0,0.0008184252073988318,0.010028185102421955
315000,147,-8.0,0.0009656238835304976,0.01002726108485625
316000,147,-8.0,0.0002564115566201508,0.01002636736018957
317000,148,-8.6,0.0005100860726088285,0.010025502935302561
318000,148,-8.6,0.00033107688068412244,0.01002466684963419
319000,148,-8.6,0.00036863668356090784,0.010023858174114355
320000,149,-8.8,0.00040234881453216076,0.010023076010131507
321000,149,-8.8,0.0016415908467024565,0.01002231948853408
322000,149,-8.8,0.00039948069024831057,0.010021587768664686
323000,150,-9.2,0.0006628972478210926,0.010020880037425964
324000,150,-9.2,0.0005998898996040225,0.01002019550837706
325000,150,-9.2,0.0007876463350839913,0.010019533420859712
326000,150,-9.2,0.00045711753773503006,0.010018893039153005
327000,150,-9.2,0.0010640904074534774,0.010018273651655822
328000,151,-9.3,0.0013285363093018532,0.010017674570096112
329000,151,-9.3,0.0009532502153888345,0.010017095128766057
330000,151,-9.3,0.0009601979982107878,0.010016534683782344
331000,151,-9.3,0.0007419373723678291,0.01001599261237066
332000,152,-8.1,0.00033215252915397286,0.010015468312173672
333000,152,-8.1,0.0004699327109847218,0.010014961200581656
334000,152,-8.1,0.0007541112136095762,0.010014470714085118
335000,152,-8.1,0.0012963705230504274,0.010013996307648598
336000,153,-8.0,0.0005845832056365907,0.010013537454105024
337000,153,-8.0,0.003853939473628998,0.010013093643569915
338000,153,-8.0,0.000617276004049927,0.010012664382874795
339000,154,-9.1,0.0014193837996572256,0.01001224919501917
340000,154,-9.1,0.0034386601764708757,0.010011847618640485
341000,154,-9.1,0.0006020794389769435,0.010011459207501449
342000,154,-9.1,0.000803271890617907,0.010011083529994165
343000,155,-10.3,0.0009254195028916001,0.010010720168660532
344000,155,-10.3,0.0001932745217345655,0.010010368719728348
345000,155,-10.3,0.0007077599875628948,0.010010028792662645
346000,155,-10.3,0.0003678075736388564,0.010009700009731705
347000,156,-11.0,0.0012571224942803383,0.010009382005587339
348000,156,-11.0,0.0003236898628529161,0.010009074426858885
349000,156,-11.0,0.0007963586249388754,0.01000877693176056
350000,156,-11.0,0.000660985941067338,0.010008489189711646
351000,156,-11.0,0.0013573914766311646,0.01000821088096915
352000,157,-10.9,0.0004767806676682085,0.010007941696272503
353000,157,-10.9,0.00038029506686143577,0.010007681336499904
354000,157,-10.9,0.0006279138615354896,0.010007429512335927
355000,158,-11.0,0.00042396222124807537,0.010007185943950038
356000,158,-11.0,0.0005458449595607817,0.010006950360685638
357000,158,-11.0,0.0004014501173514873,0.010006722500759306
358000,158,-11.0,0.0008554219966754317,0.010006502110969904
359000,159,-11.5,0.0006997448508627713,0.01000628894641721
360000,159,-11.5,0.00021985499188303947,0.010006082770229794
361000,159,-11.5,0.0012257526395842433,0.01000588335330179
362000,159,-11.5,0.00024028672487474978,0.010005690474038315
363000,160,-11.2,0.0007228003814816475,0.010005503918109233
364000,160,-11.2,0.0005419679800979793,0.010005323478210985
365000,160,-11.2,0.0003218087658751756,0.01000514895383623
366000,160,-11.2,0.0002656193100847304,0.01000498015105104
367000,161,-11.2,0.000597894424572587,0.010004816882279399
368000,161,-11.2,0.0011518386891111732,0.010004658966094761
369000,161,-11.2,0.001601397292688489,0.010004506227018452
370000,162,-12.6,0.004971071146428585,0.010004358495324675
371000,162,-12.6,0.0003577432653401047,0.0100042156068519
372000,162,-12.6,0.0013925902312621474,0.010004077402820461
373000,162,-12.6,0.0005759442574344575,0.0100039437296561
374000,163,-12.4,0.0012425408931449056,0.010003814438819328
375000,163,-12.4,0.0004924994427710772,0.010003689386640358
376000,163,-12.4,0.00039977525011636317,0.010003568434159458
377000,164,-12.1,0.00028400993323884904,0.010003451446972537
378000,164,-12.1,0.00048674497520551085,0.010003338295081798
379000,164,-12.1,0.000999964540824294,0.010003228852751275
380000,165,-11.9,0.0006366635207086802,0.01000312299836712
381000,165,-11.9,0.0004158870142418891,0.010003020614302456
382000,165,-11.9,0.0018378191161900759,0.010002921586786681
383000,165,-11.9,0.0007269144989550114,0.010002825805779034
384000,166,-11.9,0.0017928237793967128,0.010002733164846317
385000,166,-11.9,0.0005903927376493812,0.01000264356104463
386000,166,-11.9,0.0008482372504658997,0.010002556894804972
387000,166,-11.9,0.0006842421134933829,0.010002473069822607
388000,167,-12.7,0.0006593269063159823,0.010002391992950043
389000,167,-12.7,0.0005398201174102724,0.010002313574093522
390000,167,-12.7,0.0006373953074216843,0.010002237726112912
391000,167,-12.7,0.00033093540696427226,0.010002164364724876
392000,168,-11.5,0.0005012360634282231,0.010002093408409216
393000,168,-11.5,0.0006858373526483774,0.010002024778318278
394000,168,-11.5,0.00033490077476017177,0.010001958398189346
395000,168,-11.5,0.0004783428448718041,0.01000189419425989
396000,169,-10.3,0.000583695131354034,0.010001832095185606
397000,169,-10.3,0.0007507546106353402,0.010001772031961134
398000,169,-10.3,0.001011438900604844,0.010001713937843378
399000,169,-10.3,0.0018468551570549607,0.01000165774827734
400000,170,-10.1,0.00038294136174954474,0.010001603400824389
401000,170,-10.1,0.000288072187686339,0.010001550835092876
402000,170,-10.1,0.004582434892654419,0.010001499992671022
403000,171,-9.9,0.0003220670623704791,0.010001450817062017
404000,171,-9.9,0.0003925274359062314,0.010001403253621238
405000,171,-9.9,0.0014800399076193571,0.01000135724949552
406000,171,-9.9,0.0012920200824737549,0.010001312753564438
407000,172,-9.4,0.00033764090039767325,0.01000126971638349
408000,172,-9.4,0.0009768472518771887,0.010001228090129157
409000,172,-9.4,0.0009667486883699894,0.010001187828545763
410000,172,-9.4,0.0002967004547826946,0.010001148886894075
411000,173,-8.7,0.0016123306704685092,0.010001111221901582
412000,173,-8.7,0.0006367166060954332,0.010001074791714418
413000,173,-8.7,0.0006975638098083436,0.01000103955585085
414000,173,-8.7,0.0004122283717151731,0.010001005475156293
415000,173,-8.7,0.0018531943205744028,0.010000972511759802
416000,173,-8.7,0.0005889385938644409,0.010000940629031988
417000,173,-8.7,0.0008064029971137643,0.010000909791544318
418000,174,-8.3,0.00014353354345075786,0.010000879965029748
419000,174,-8.3,0.001044089556671679,0.010000851116344633
420000,174,-8.3,0.00037251046160236,0.010000823213431913
421000,174,-8.3,0.0002803481766022742,0.010000796225285479
422000,174,-8.3,0.0004296175320632756,0.010000770121915727
423000,175,-7.3,0.0006497734575532377,0.010000744874316224
424000,175,-7.3,0.00041131634498015046,0.010000720454431488
425000,175,-7.3,0.0007608889718540013,0.010000696835125798
426000,175,-7.3,0.0002585769398137927,0.010000673990153053
427000,176,-6.8,0.0006687407731078565,0.0100006518941276
428000,176,-6.8,0.0003315915528219193,0.010000630522496024
429000,176,-6.8,0.001412518322467804,0.01000060985150987
430000,177,-6.0,0.0006245553959161043,0.01000058985819925
431000,177,-6.0,0.0007309101056307554,0.010000570520347316
432000,177,-6.0,0.00037292507477104664,0.010000551816465577
433000,177,-6.0,0.0007841059123165905,0.010000533725770018
434000,177,-6.0,0.00044446616084314883,0.010000516228158002
435000,177,-6.0,0.00034527882235124707,0.010000499304185942
436000,178,-6.3,0.0010292143560945988,0.010000482935047681
437000,178,-6.3,0.0003666211268864572,0.010000467102553605
438000,178,-6.3,0.00028818935970775783,0.010000451789110423
439000,179,-4.6,0.0005380002548918128,0.010000436977701622
440000,179,-4.6,0.001173399854451418,0.010000422651868561
441000,179,-4.6,0.0005300578777678311,0.010000408795692172
442000,179,-4.6,0.0006193756125867367,0.010000395393775277
443000,179,-4.6,0.0008874761406332254,0.010000382431225478
444000,180,-4.7,0.0007048321422189474,0.01000036989363861
445000,180,-4.7,0.0010044561931863427,0.010000357767082729
446000,180,-4.7,0.00026820931816473603,0.010000346038082638
447000,180,-4.7,0.00047649830230511725,0.010000334693604907
448000,181,-4.7,0.001411819364875555,0.010000323721043394
449000,181,-4.7,0.00021605864458251745,0.010000313108205235
450000,182,-2.2,0.00021117216965649277,0.010000302843297297
451000,182,-2.2,0.0003747022128663957,0.010000292914913068
452000,182,-2.2,0.0010022262576967478,0.010000283312019992
453000,182,-2.2,0.0007175968494266272,0.010000274023947195
454000,182,-2.2,0.0005164318718016148,0.010000265040373645
455000,183,-2.3,0.00025736470706760883,0.010000256351316667
456000,183,-2.3,0.0008791467407718301,0.010000247947120861
457000,183,-2.3,0.0003218678175471723,0.010000239818447365
458000,183,-2.3,0.0009014785755425692,0.010000231956263483
459000,184,-2.7,0.0005964489537291229,0.010000224351832648
460000,184,-2.7,0.00024522279272787273,0.010000216996704711
461000,184,-2.7,0.00036550359800457954,0.010000209882706548
462000,185,-1.0,0.0010651577031239867,0.010000203001932986
463000,185,-1.0,0.00023066889843903482,0.010000196346738013
464000,185,-1.0,0.0004735030233860016,0.010000189909726283
465000,185,-1.0,0.00048793372116051614,0.010000183683744899
466000,185,-1.0,0.0003909138322342187,0.010000177661875463
467000,186,-0.7,0.00053547159768641,0.01000017183742639
468000,186,-0.7,0.00036973325768485665,0.01000016620392547
469000,186,-0.7,0.00020988399046473205,0.010000160755112678
470000,186,-0.7,0.0005255911964923143,0.010000155484933217
471000,187,0.9,0.0006985713844187558,0.01000015038753079
472000,187,0.9,0.0002613664255477488,0.01000014545724109
473000,187,0.9,0.0007568783476017416,0.010000140688585516
474000,187,0.9,0.000645521970000118,0.010000136076265065
475000,188,0.2,0.0006870868382975459,0.010000131615154464
476000,188,0.2,0.0002940896083600819,0.010000127300296464
477000,188,0.2,0.0007863500504754484,0.010000123126896337
478000,188,0.2,0.0005834635812789202,0.010000119090316539
479000,188,0.2,0.0004086830886080861,0.010000115186071568
480000,189,-0.4,0.0005451339529827237,0.010000111409822971
481000,189,-0.4,0.000624701555352658,0.01000010775737453
482000,189,-0.4,0.0003771134070120752,0.010000104224667591
483000,190,1.4,0.00027066911570727825,0.010000100807776562
484000,190,1.4,0.0008751057321205735,0.010000097502904544
485000,190,1.4,0.0013904485385864973,0.01000009430637912
486000,190,1.4,0.00029938772786408663,0.010000091214648262
487000,190,1.4,0.0009986271616071463,0.010000088224276399
488000,191,1.6,0.0002660477184690535,0.010000085331940587
489000,191,1.6,0.0006615542224608362,0.010000082534426821
490000,191,1.6,0.00062839116435498,0.010000079828626465
491000,191,1.6,0.001442964538000524,0.010000077211532796
492000,191,1.6,0.0008837386267259717,0.010000074680237664
493000,192,0.0,0.0002745851525105536,0.010000072231928257
494000,192,0.0,0.0005783592350780964,0.010000069863883979
495000,192,0.0,0.00023225980112329125,0.010000067573473426
496000,192,0.0,0.0008019059314392507,0.010000065358151462
497000,193,0.1,0.0005615170230157673,0.010000063215456392
498000,193,0.1,0.00040660586091689765,0.010000061143007222
499000,193,0.1,0.00015027048357296735,0.010000059138501017
500000,193,0.1,0.0005928881000727415,0.010000057199710342
501000,193,0.1,0.0004228444304317236,0.010000055324480787
502000,194,1.0,0.0004446890379767865,0.010000053510728567
503000,194,1.0,0.00043034611735492945,0.010000051756438219
504000,194,1.0,0.0004030760028399527,0.01000005005966035
505000,194,1.0,0.0003869597567245364,0.010000048418509475
506000,195,-0.4,0.0006301580579020083,0.010000046831161924
507000,195,-0.4,0.00033658911706879735,0.010000045295853818
508000,195,-0.4,0.00030212505953386426,0.010000043810879098
509000,195,-0.4,0.00036410853499546647,0.01000004237458764
510000,195,-0.4,0.00044987365254200995,0.010000040985383415
511000,195,-0.4,0.00032926732092164457,0.010000039641722724
512000,196,0.4,0.0004576137289404869,0.01000003834211247
513000,196,0.4,0.0007610455504618585,0.010000037085108507
514000,196,0.4,0.0004304791218601167,0.010000035869314037
515000,196,0.4,0.00028824113542214036,0.010000034693378049
516000,196,0.4,0.0007381932809948921,0.01000003355599383
517000,197,-0.9,0.0006665261462330818,0.0100000324558975
518000,197,-0.9,0.0007642611744813621,0.010000031391866617
519000,197,-0.9,0.000416177703300491,0.010000030362718817
520000,198,-0.9,0.0002994360402226448,0.010000029367310493
521000,198,-0.9,0.0002637141733430326,0.010000028404535538
522000,198,-0.9,0.00031069028773345053,0.010000027473324099
523000,198,-0.9,0.00041911800508387387,0.010000026572641402
524000,199,-0.9,0.0005033608758822083,0.010000025701486595
525000,199,-0.9,0.0006259549991227686,0.010000024858891642
526000,199,-0.9,0.0010544374817982316,0.010000024043920237
527000,199,-0.9,0.000958461023401469,0.010000023255666771
528000,200,-2.6,0.001083003357052803,0.010000022493255328
529000,200,-2.6,0.00047889980487525463,0.010000021755838705
530000,200,-2.6,0.0006768347229808569,0.010000021042597475
531000,201,-1.1,0.0003670643491204828,0.010000020352739074
532000,201,-1.1,0.0003082894254475832,0.010000019685496922
533000,201,-1.1,0.0007925187237560749,0.010000019040129569
534000,201,-1.1,0.0002915805671364069,0.010000018415919874
535000,202,-1.5,0.0008166313054971397,0.010000017812174208
536000,202,-1.5,0.0002113606606144458,0.010000017228221678
537000,202,-1.5,0.0004620024701580405,0.01000001666341339
538000,202,-1.5,0.005413529463112354,0.010000016117121719
539000,203,0.1,0.0005873156478628516,0.01000001558873962
540000,203,0.1,0.00043986045056954026,0.010000015077679947
541000,204,1.6,0.0015133627457544208,0.010000014583374803
542000,204,1.6,0.0002501154085621238,0.010000014105274908
543000,204,1.6,0.00033477728720754385,0.010000013642848993
544000,205,0.9,0.0012678601779043674,0.010000013195583203
545000,205,0.9,0.000863840919919312,0.010000012762980529
546000,205,0.9,0.0014180431608110666,0.010000012344560258
547000,205,0.9,0.0006865329341962934,0.010000011939857435
548000,206,0.7,0.002434467663988471,0.010000011548422349
549000,206,0.7,0.0006406999309547246,0.010000011169820031
550000,206,0.7,0.0005052108317613602,0.010000010803629774
551000,207,2.9,0.0007710361387580633,0.01000001044944466
552000,207,2.9,0.0005841372185386717,0.010000010106871116
553000,207,2.9,0.00048397009959444404,0.01000000977552847
554000,208,5.2,0.0009900294244289398,0.010000009455048526
555000,208,5.2,0.0002407996798865497,0.010000009145075166
556000,208,5.2,0.0005443996051326394,0.01000000884526394
557000,209,5.7,0.00042440876131877303,0.010000008555281697
558000,209,5.7,0.00048085939488373697,0.0100000082748062
559000,209,5.7,0.0008596391999162734,0.010000008003525785
560000,209,5.7,0.0010711145587265491,0.010000007741139
561000,209,5.7,0.0010859884787350893,0.010000007487354277
562000,210,6.7,0.000388749991543591,0.010000007241889607
563000,210,6.7,0.00034905446227639914,0.010000007004472226
564000,210,6.7,0.0012266065459698439,0.010000006774838312
565000,211,6.9,0.000534832535777241,0.010000006552732693
566000,211,6.9,0.0009981254115700722,0.010000006337908563
567000,211,6.9,0.0006843227311037481,0.010000006130127206
568000,212,8.0,0.0007359214359894395,0.010000005929157731
569000,212,8.0,0.0006826011231169105,0.01000000573477682
570000,213,8.2,0.0013403522316366434,0.010000005546768474
571000,213,8.2,0.0010645282454788685,0.010000005364923773
572000,213,8.2,0.0007887356914579868,0.01000000518904065
573000,214,8.1,0.0007950491853989661,0.010000005018923664
574000,214,8.1,0.0016420300817117095,0.010000004854383775
575000,215,9.7,0.0012354820501059294,0.010000004695238145
576000,215,9.7,0.00045921612763777375,0.010000004541309929
577000,215,9.7,0.000982178607955575,0.010000004392428081
578000,215,9.7,0.0010096060577780008,0.01000000424842716
579000,216,10.9,0.0005701183690689504,0.010000004109147151
580000,216,10.9,0.0010359988082200289,0.010000003974433284
581000,216,10.9,0.0004916429752483964,0.010000003844135862
582000,216,10.9,0.0007328687934204936,0.010000003718110098
583000,217,8.8,0.0004334191617090255,0.01000000359621595
584000,217,8.8,0.0006283301045186818,0.010000003478317969
585000,217,8.8,0.0005775245372205973,0.010000003364285142
586000,218,8.8,0.002236032159999013,0.010000003253990756
587000,218,8.8,0.0008276184089481831,0.01000000314731225
588000,219,9.6,0.00030913358204998076,0.010000003044131081
589000,219,9.6,0.00041533756302669644,0.010000002944332594
590000,220,10.4,0.0012091659009456635,0.010000002847805889
591000,220,10.4,0.0004894008161500096,0.010000002754443708
592000,220,10.4,0.00036953610833734274,0.010000002664142301
593000,221,11.1,0.0002967922482639551,0.010000002576801328
594000,221,11.1,0.0005681084585376084,0.010000002492323733
595000,221,11.1,0.0006480072042904794,0.010000002410615641
596000,222,11.1,0.0004809549427591264,0.010000002331586261
597000,222,11.1,0.0003123092174064368,0.010000002255147772
598000,222,11.1,0.0012654977617785335,0.010000002181215233
599000,223,10.7,0.00032922986429184675,0.010000002109706491
600000,223,10.7,0.0006607697578147054,0.010000002040542086
601000,223,10.7,0.0002599454019218683,0.010000001973645159
602000,224,10.8,0.000436545058619231,0.010000001908941375
603000,224,10.8,0.0005457397783175111,0.010000001846358833
604000,224,10.8,0.0002771165454760194,0.010000001785827991
605000,224,10.8,0.0007154170889407396,0.010000001727281585
606000,225,10.2,0.0008031477918848395,0.01000000167065456
607000,226,10.8,0.0003685253323055804,0.010000001615883988
608000,226,10.8,0.0002655355492606759,0.010000001562909009
609000,227,13.1,0.0003118494641967118,0.010000001511670758
610000,227,13.1,0.00037707958836108446,0.010000001462112296
611000,228,14.1,0.00035736901918426156,0.010000001414178552
612000,228,14.1,0.0002499919501133263,0.010000001367816265
613000,229,13.5,0.0002842414251063019,0.010000001322973915
614000,229,13.5,0.0005858847289346159,0.010000001279601671
615000,230,14.0,0.00018792673654388636,0.010000001237651338
616000,230,14.0,0.00044863868970423937,0.010000001197076301
617000,231,14.4,0.00034207303542643785,0.010000001157831472
618000,231,14.4,0.0005248251254670322,0.010000001119873241
619000,231,14.4,0.0003611710271798074,0.010000001083159429
620000,232,15.0,0.00028534201555885375,0.01000000104764924
621000,232,15.0,0.0007218100363388658,0.010000001013303212
622000,232,15.0,0.0004711641522590071,0.010000000980083181
623000,233,14.7,0.0010186006547883153,0.010000000947952233
624000,233,14.7,0.0009287846041843295,0.010000000916874661
625000,234,14.8,0.00039568182546645403,0.010000000886815935
626000,234,14.8,0.00041051680454984307,0.010000000857742651
627000,235,15.6,0.00024081031733658165,0.010000000829622501
628000,235,15.6,0.00020323276112321764,0.010000000802424242
629000,235,15.6,0.0005116261309012771,0.010000000776117646
630000,236,15.2,0.0004584522102959454,0.010000000750673482
631000,236,15.2,0.000490907987114042,0.010000000726063479
632000,236,15.2,0.0005690503749065101,0.010000000702260287
633000,237,13.7,0.0007220131228677928,0.010000000679237456
634000,237,13.7,0.0002710894914343953,0.010000000656969403
635000,238,12.9,0.0006991074187681079,0.010000000635431385
636000,238,12.9,0.0006041126325726509,0.010000000614599465
637000,238,12.9,0.001046550227329135,0.0100000005944505
638000,239,12.8,0.0013519193744286895,0.010000000574962094
639000,239,12.8,0.000302627042401582,0.010000000556112594
640000,240,12.8,0.0006440520519390702,0.010000000537881054
641000,240,12.8,0.0003118475142400712,0.010000000520247215
642000,241,12.4,0.0005345162935554981,0.010000000503191483
643000,241,12.4,0.0017581697320565581,0.010000000486694905
644000,241,12.4,0.0002726672391872853,0.010000000470739148
645000,242,12.2,0.0010716019896790385,0.010000000455306482
646000,242,12.2,0.0003491732059046626,0.01000000044037976
647000,242,12.2,0.0012937136925756931,0.010000000425942394
648000,243,12.9,0.00022602116223424673,0.010000000411978342
649000,243,12.9,0.0004973071627318859,0.010000000398472085
650000,243,12.9,0.0006805147277191281,0.010000000385408617
651000,244,12.5,0.00039540856960229576,0.01000000037277342
652000,244,12.5,0.0004818893503397703,0.010000000360552453
653000,245,13.0,0.0003525491338223219,0.010000000348732137
654000,245,13.0,0.00031034296262077987,0.010000000337299338
655000,246,13.0,0.00048827921273186803,0.01000000032624135
656000,246,13.0,0.0002012002223636955,0.010000000315545887
657000,247,14.0,0.0004089277354069054,0.010000000305201063
658000,247,14.0,0.0013601073296740651,0.010000000295195382
659000,248,13.9,0.00024476763792335987,0.010000000285517726
660000,248,13.9,0.0010228282772004604,0.010000000276157342
661000,248,13.9,0.0005257050506770611,0.010000000267103827
662000,249,13.6,0.0006175338057801127,0.010000000258347122
663000,249,13.6,0.0003187532420270145,0.010000000249877496
664000,250,13.3,0.0007230773335322738,0.010000000241685536
665000,251,13.8,0.0005366044351831079,0.010000000233762144
666000,251,13.8,0.00036282368819229305,0.010000000226098508
667000,251,13.8,0.0005983862793073058,0.010000000218686118
668000,252,14.3,0.0005704647046513855,0.010000000211516733
669000,253,15.2,0.0008412161841988564,0.010000000204582391
670000,253,15.2,0.0004153454792685807,0.010000000197875381
671000,253,15.2,0.0011458809021860361,0.010000000191388254
672000,254,15.9,0.0004737901035696268,0.010000000185113801
673000,254,15.9,0.00048549516941420734,0.01000000017904505
674000,255,15.3,0.00029420419014059007,0.010000000173175254
675000,255,15.3,0.0007943211239762604,0.010000000167497894
676000,255,15.3,0.0007898503099568188,0.01000000016200666
677000,256,15.3,0.0003946505603380501,0.01000000015669545
678000,256,15.3,0.00033247144892811775,0.010000000151558363
679000,256,15.3,0.0007001397898420691,0.010000000146589689
680000,257,13.6,0.0008342242217622697,0.010000000141783906
681000,257,13.6,0.00026481281383894384,0.010000000137135678
682000,258,13.8,0.00028092251159250736,0.010000000132639835
683000,258,13.8,0.0006024195463396609,0.010000000128291385
684000,258,13.8,0.0007428983226418495,0.010000000124085492
685000,259,14.3,0.00037850847002118826,0.010000000120017486
686000,259,14.3,0.0003231675364077091,0.010000000116082845
687000,260,14.4,0.0008203506586141884,0.010000000112277196
688000,260,14.4,0.00030574487755075097,0.010000000108596313
689000,261,13.5,0.0030211955308914185,0.010000000105036102
690000,261,13.5,0.0006949676317162812,0.010000000101592608
691000,261,13.5,0.0004295939579606056,0.010000000098262006
692000,262,13.2,0.00040380697464570403,0.010000000095040595
693000,262,13.2,0.0008969471091404557,0.010000000091924794
694000,262,13.2,0.0016382632311433554,0.01000000008891114
695000,263,11.8,0.0004284473543521017,0.010000000085996287
696000,263,11.8,0.0006514140404760838,0.010000000083176993
697000,264,11.8,0.0006771156331524253,0.010000000080450126
698000,264,11.8,0.0003469817456789315,0.010000000077812658
699000,265,12.4,0.0004379983292892575,0.010000000075261655
700000,265,12.4,0.0007687649922445416,0.010000000072794285
701000,266,12.5,0.0005288377869874239,0.010000000070407805
702000,266,12.5,0.0008180654840543866,0.010000000068099563
703000,267,14.3,0.0002695584262255579,0.010000000065866993
704000,267,14.3,0.0005340746138244867,0.010000000063707616
705000,268,14.3,0.0004516571352723986,0.010000000061619031
706000,268,14.3,0.001115127932280302,0.01000000005959892
707000,268,14.3,0.0004671025963034481,0.010000000057645035
708000,269,13.6,0.0004322684835642576,0.010000000055755206
709000,269,13.6,0.00044675637036561966,0.010000000053927333
710000,269,13.6,0.0005874094786122441,0.010000000052159385
711000,270,13.2,0.0005605778424069285,0.010000000050449397
712000,270,13.2,0.0003777203382924199,0.010000000048795468
713000,271,14.0,0.00043936161091551185,0.010000000047195763
714000,271,14.0,0.0006177731556817889,0.010000000045648503
715000,271,14.0,0.00021330136223696172,0.010000000044151965
716000,272,14.0,0.000490025500766933,0.010000000042704493
717000,272,14.0,0.00040793552761897445,0.010000000041304472
718000,273,15.0,0.00048037810483947396,0.01000000003995035
719000,273,15.0,0.0011812194716185331,0.010000000038640622
720000,273,15.0,0.0003610511776059866,0.010000000037373832
721000,274,14.7,0.0007456783787347376,0.010000000036148572
722000,274,14.7,0.00085022475104779,0.01000000003496348
723000,274,14.7,0.0004367576912045479,0.010000000033817243
724000,275,13.7,0.00016687536844983697,0.01000000003270858
725000,275,13.7,0.00036878438550047576,0.010000000031636267
726000,276,14.0,0.013623125851154327,0.010000000030599105
727000,276,14.0,0.00018543699115980417,0.010000000029595947
728000,277,14.0,0.000608704169280827,0.010000000028625677
729000,277,14.0,0.00034633747418411076,0.010000000027687216
730000,278,14.3,0.0004880168125964701,0.010000000026779522
731000,278,14.3,0.0002328091359231621,0.010000000025901583
732000,279,15.6,0.0003273242909926921,0.010000000025052429
733000,279,15.6,0.00017429422587156296,0.010000000024231112
734000,280,16.1,0.00026055893977172673,0.010000000023436722
735000,280,16.1,0.00030572936520911753,0.010000000022668374
736000,281,16.1,0.0002690279798116535,0.010000000021925217
737000,281,16.1,0.00012425325985532254,0.010000000021206424
738000,282,16.3,0.000451719737611711,0.010000000020511194
739000,282,16.3,0.002183447824791074,0.010000000019838758
740000,283,16.3,0.00029269594233483076,0.010000000019188365
741000,283,16.3,0.00024582439800724387,0.010000000018559297
742000,284,16.9,0.00035788127570413053,0.01000000001795085
743000,284,16.9,0.0006332942866720259,0.010000000017362351
744000,285,17.9,0.00037873818655498326,0.010000000016793145
745000,285,17.9,0.0003102317568846047,0.010000000016242601
746000,286,17.7,0.000567705137655139,0.010000000015710105
747000,286,17.7,0.0005451797624118626,0.010000000015195066
748000,287,18.0,0.0003813587536569685,0.010000000014696912
749000,287,18.0,0.00035023526288568974,0.010000000014215091
750000,288,18.3,0.00030136469285935163,0.010000000013749065
751000,288,18.3,0.00021447721519507468,0.010000000013298318
752000,289,18.3,0.00017216173000633717,0.010000000012862347
753000,289,18.3,0.0002311247808393091,0.010000000012440668
754000,290,18.3,0.0005011293105781078,0.010000000012032814
755000,290,18.3,0.00019086718384642154,0.010000000011638331
756000,291,18.3,0.0011283312924206257,0.010000000011256782
757000,291,18.3,0.0003753263736143708,0.01000000001088774
758000,292,18.2,0.0006807672325521708,0.010000000010530799
759000,293,18.5,0.00015821499982848763,0.010000000010185557
760000,293,18.5,0.00011937818635487929,0.010000000009851635
761000,294,18.1,0.000322334177326411,0.010000000009528661
762000,294,18.1,0.0002688023669179529,0.010000000009216274
763000,295,18.2,0.0002407323190709576,0.010000000008914128
764000,295,18.2,0.0004121535166632384,0.010000000008621888
765000,295,18.2,0.0004034143639728427,0.010000000008339229
766000,296,18.2,0.00030822301050648093,0.010000000008065836
767000,296,18.2,0.0003422721638344228,0.010000000007801407
768000,297,18.0,0.0015621951315551996,0.010000000007545647
769000,298,17.8,0.0002262391208205372,0.010000000007298272
770000,298,17.8,0.00028062768978998065,0.010000000007059005
771000,299,17.4,0.00016426609363406897,0.010000000006827584
772000,299,17.4,0.0011685307836160064,0.010000000006603749
773000,300,17.1,0.00018061199807561934,0.010000000006387252
774000,300,17.1,0.0001166309230029583,0.010000000006177854
775000,301,17.2,0.00017644498439040035,0.01000000000597532
776000,301,17.2,0.00012573867570608854,0.010000000005779424
777000,302,17.7,0.0002950421767309308,0.010000000005589952
778000,302,17.7,0.00016088773554656655,0.010000000005406693
779000,303,17.6,7.531180017394945e-05,0.01000000000522944
780000,303,17.6,0.0013733706437051296,0.010000000005057998
781000,304,17.9,0.000531502126250416,0.010000000004892177
782000,304,17.9,0.00022698468819726259,0.010000000004731793
783000,305,17.6,0.0002960959682241082,0.010000000004576666
784000,305,17.6,0.00018448563059791923,0.010000000004426626
785000,306,17.9,0.00020934300846420228,0.010000000004281502
786000,306,17.9,0.00015422824071720243,0.010000000004141139
787000,307,18.2,0.00019931892165914178,0.010000000004005376
788000,307,18.2,0.0002081209677271545,0.010000000003874064
789000,308,18.4,0.00024492249940522015,0.010000000003747057
790000,308,18.4,0.00011630648805294186,0.010000000003624214
791000,309,18.5,0.0003393368679098785,0.010000000003505398
792000,309,18.5,0.00022529273701366037,0.010000000003390477
793000,310,18.9,0.00021602323977276683,0.010000000003279325
794000,310,18.9,0.00020757615857291967,0.010000000003171815
795000,311,18.9,7.621081022080034e-05,0.010000000003067831
796000,311,18.9,0.0003154740552417934,0.010000000002967255
797000,312,18.8,0.0004963042447343469,0.010000000002869977
798000,312,18.8,0.00013790767116006464,0.010000000002775889
799000,313,18.9,0.00018014763190876693,0.010000000002684884
800000,313,18.9,0.00023612755467183888,0.010000000002596864
801000,314,18.9,0.00013686665624845773,0.010000000002511727
802000,314,18.9,0.00017379892233293504,0.010000000002429383
803000,315,19.4,0.0001146041031461209,0.010000000002349739
804000,316,19.3,0.00026436540065333247,0.010000000002272705
805000,316,19.3,0.0004939306527376175,0.010000000002198197
806000,317,19.2,0.00016598470392636955,0.010000000002126131
807000,317,19.2,0.00023102288832888007,0.010000000002056428
808000,318,19.1,0.00023175613023340702,0.010000000001989012
809000,318,19.1,0.00035328572266735137,0.010000000001923803
810000,319,19.4,0.00024254072923213243,0.010000000001860734
811000,319,19.4,0.00012169426190666854,0.010000000001799732
812000,320,19.3,0.00014345391537062824,0.01000000000174073
813000,320,19.3,0.00023171228531282395,0.010000000001683662
814000,321,19.3,0.00027413934003561735,0.010000000001628465
815000,321,19.3,0.0001554235932417214,0.010000000001575077
816000,322,19.2,0.00018822432321030647,0.01000000000152344
817000,323,19.3,0.00019447765953373164,0.010000000001473495
818000,323,19.3,0.000137836454086937,0.010000000001425188
819000,324,19.2,7.064689270919189e-05,0.010000000001378465
820000,324,19.2,0.0001588104059919715,0.010000000001333274
821000,325,19.1,0.000166074707522057,0.010000000001289564
822000,325,19.1,0.0002201100578531623,0.010000000001247287
823000,326,19.0,0.0007982218521647155,0.010000000001206396
824000,326,19.0,7.309511420316994e-05,0.010000000001166846
825000,327,19.0,0.0001285524049308151,0.010000000001128592
826000,328,18.8,0.00026024889666587114,0.010000000001091592
827000,328,18.8,0.00012050204531988129,0.010000000001055807
828000,329,18.6,0.00011457929213065654,0.010000000001021192
829000,329,18.6,0.00019983111997134984,0.010000000000987714
830000,330,18.8,9.017149568535388e-05,0.010000000000955333
831000,330,18.8,0.00012093549594283104,0.010000000000924013
832000,331,18.8,0.0063306475058197975,0.010000000000893721
833000,331,18.8,0.00010629478492774069,0.010000000000864422
834000,332,18.9,0.00017210384248755872,0.010000000000836081
835000,332,18.9,0.0062089404091238976,0.010000000000808671
836000,333,18.7,0.000129743100842461,0.010000000000782161
837000,333,18.7,0.00015186297241598368,0.010000000000756518
838000,334,18.8,0.0001902076182886958,0.010000000000731717
839000,334,18.8,0.00018255301984027028,0.010000000000707727
840000,335,18.8,0.00018808472668752074,0.010000000000684526
841000,336,19.1,0.0001002061617327854,0.010000000000662085
842000,336,19.1,0.00033686860115267336,0.010000000000640379
843000,337,18.4,0.00023505899298470467,0.010000000000619385
844000,337,18.4,0.0036297012120485306,0.010000000000599078
845000,337,18.4,0.00024243583902716637,0.01000000000057944
846000,338,18.5,0.00016015461005736142,0.010000000000560443
847000,339,18.7,0.00013246521120890975,0.010000000000542068
848000,339,18.7,0.00021154576097615063,0.010000000000524298
849000,340,18.5,0.0002733672736212611,0.010000000000507108
850000,340,18.5,0.0004280564608052373,0.010000000000490485
851000,340,18.5,0.0001099396322388202,0.010000000000474404
852000,341,18.3,0.0003464074106886983,0.010000000000458852
853000,341,18.3,0.00019370080553926528,0.010000000000443808
854000,342,18.2,0.00017522361304145306,0.01000000000042926
855000,342,18.2,0.0003386738826520741,0.010000000000415185
856000,343,17.7,0.00024934698012657464,0.010000000000401575
857000,343,17.7,0.00045878399396315217,0.01000000000038841
858000,344,17.4,0.0006817678222432733,0.010000000000375675
859000,344,17.4,0.00018470725626684725,0.010000000000363359
860000,345,17.4,0.00019501365022733808,0.010000000000351447
861000,345,17.4,0.00026441726367920637,0.010000000000339926
862000,346,17.1,0.00037894537672400475,0.010000000000328782
863000,346,17.1,0.00026651282678358257,0.010000000000318003
864000,347,17.7,0.000495737767778337,0.010000000000307577
865000,347,17.7,0.0003074002161156386,0.010000000000297493
866000,348,17.9,0.0001497050398029387,0.01000000000028774
867000,348,17.9,0.00021891217329539359,0.010000000000278307
868000,349,17.6,0.0002638745354488492,0.010000000000269184
869000,349,17.6,0.00020343056530691683,0.010000000000260358
870000,350,17.3,0.00018903471936937422,0.010000000000251823
871000,350,17.3,0.00016999930085148662,0.010000000000243568
872000,351,17.4,0.00015958110452629626,0.010000000000235583
873000,351,17.4,0.0002624659100547433,0.01000000000022786
874000,351,17.4,0.00013511510042008013,0.010000000000220388
875000,352,17.4,0.00013361206219997257,0.010000000000213163
876000,352,17.4,0.00019132278976030648,0.010000000000206176
877000,353,17.8,0.0002645751810632646,0.010000000000199415
878000,353,17.8,0.00024076877161860466,0.010000000000192879
879000,354,18.0,0.0003599603660404682,0.010000000000186556
880000,354,18.0,0.0010401129256933928,0.01000000000018044
881000,355,17.5,0.0005312554421834648,0.010000000000174524
882000,355,17.5,0.0003561926423572004,0.010000000000168803
883000,356,17.4,0.0003807495813816786,0.010000000000163269
884000,356,17.4,0.015313300304114819,0.010000000000157916
885000,357,16.7,0.00017706950893625617,0.01000000000015274
886000,357,16.7,0.00019766799232456833,0.010000000000147731
887000,358,16.5,0.00017428476712666452,0.010000000000142888
888000,358,16.5,0.00039425992872565985,0.010000000000138204
889000,359,16.6,0.0006162691861391068,0.010000000000133673
890000,359,16.6,0.00030111847445368767,0.010000000000129291
891000,360,16.9,0.000174724031239748,0.010000000000125051
892000,360,16.9,0.00030276624602265656,0.010000000000120952
893000,361,17.0,0.00016782543389126658,0.010000000000116986
894000,361,17.0,0.000156101566972211,0.010000000000113151
895000,362,17.3,0.00048284768126904964,0.010000000000109442
896000,362,17.3,0.00010749332432169467,0.010000000000105855
897000,363,17.6,0.00016157011850737035,0.010000000000102384
898000,364,17.7,0.00014847388956695795,0.010000000000099027
899000,364,17.7,0.00011580302088987082,0.010000000000095781
900000,365,18.4,0.00017185043543577194,0.010000000000092641
901000,365,18.4,0.00012415889068506658,0.010000000000089604
902000,366,18.3,0.00024884974118322134,0.010000000000086665
903000,366,18.3,0.0001891982974484563,0.010000000000083826
904000,367,18.7,0.00022128659475129098,0.010000000000081076
905000,367,18.7,0.00013360098819248378,0.010000000000078418
906000,368,19.0,0.0002662705956026912,0.010000000000075848
907000,368,19.0,5.401040107244626e-05,0.010000000000073362
908000,369,19.3,0.000106291969132144,0.010000000000070956
909000,370,19.6,0.00015769811579957604,0.01000000000006863
910000,370,19.6,0.000169479419128038,0.01000000000006638
911000,370,19.6,0.0005676650325767696,0.010000000000064204
912000,371,19.3,0.0002626295026857406,0.010000000000062098
913000,371,19.3,0.00010277894034516066,0.010000000000060063
914000,372,18.9,0.0004631195915862918,0.010000000000058094
915000,372,18.9,0.0003494553384371102,0.01000000000005619
916000,373,18.5,0.0002005104615818709,0.010000000000054347
917000,373,18.5,0.0001269575150217861,0.010000000000052566
918000,374,18.6,0.00025816221022978425,0.010000000000050843
919000,374,18.6,0.0002896066871471703,0.010000000000049176
920000,375,18.2,9.468357893638313e-05,0.010000000000047563
921000,375,18.2,0.0012670898577198386,0.010000000000046003
922000,376,18.2,0.00014293825370259583,0.010000000000044496
923000,376,18.2,0.00010745535109890625,0.010000000000043037
924000,377,18.4,0.00013982548261992633,0.010000000000041627
925000,378,18.3,0.00025917834136635065,0.010000000000040261
926000,378,18.3,0.000137561175506562,0.010000000000038941
927000,379,18.1,0.00019673476344905794,0.010000000000037665
928000,379,18.1,0.0004164963902439922,0.01000000000003643
929000,380,18.0,0.00011419178918004036,0.010000000000035236
930000,380,18.0,0.00013437203597277403,0.01000000000003408
931000,381,18.5,0.00016920370399020612,0.010000000000032963
932000,382,18.7,0.0002617278369143605,0.010000000000031883
933000,382,18.7,0.00026467483257874846,0.010000000000030838
934000,383,19.0,0.00024540763115510345,0.010000000000029827
935000,383,19.0,0.000147944811033085,0.010000000000028849
936000,384,18.9,0.0007746857590973377,0.010000000000027903
937000,384,18.9,7.821444887667894e-05,0.010000000000026989
938000,385,19.0,0.00023055844940245152,0.010000000000026103
939000,385,19.0,0.0003291892644483596,0.010000000000025247
940000,386,19.3,0.00015736560453660786,0.01000000000002442
941000,386,19.3,0.00014488320448435843,0.01000000000002362
942000,387,19.5,0.00016854851855896413,0.010000000000022845
943000,387,19.5,7.912245928309858e-05,0.010000000000022095
944000,388,19.5,8.131183858495206e-05,0.010000000000021372
945000,389,19.6,0.00010480940545676276,0.010000000000020671
946000,389,19.6,0.00010378746810602024,0.010000000000019993
947000,390,19.5,0.00012632465222850442,0.010000000000019337
948000,390,19.5,0.00014410608855541795,0.010000000000018704
949000,391,19.4,0.0001226268068421632,0.010000000000018092
950000,392,19.6,7.472046127077192e-05,0.010000000000017498
951000,392,19.6,0.0002350409486098215,0.010000000000016924
952000,393,19.6,7.988064317032695e-05,0.010000000000016369
953000,393,19.6,0.00011914815695490688,0.010000000000015833
954000,394,19.5,0.00012886826880276203,0.010000000000015314
955000,394,19.5,7.159344386309385e-05,0.010000000000014811
956000,395,19.8,8.466315193800256e-05,0.010000000000014326
957000,396,19.9,8.175315451808274e-05,0.010000000000013857
958000,396,19.9,7.201395055744797e-05,0.010000000000013403
959000,397,20.0,0.0002097156539093703,0.010000000000012962
960000,397,20.0,7.370895764324814e-05,0.010000000000012537
961000,398,19.2,0.00017080943507608026,0.010000000000012126
962000,398,19.2,5.217229772824794e-05,0.010000000000011729
963000,399,19.3,8.62259475979954e-05,0.010000000000011345
964000,399,19.3,0.0002288559335283935,0.010000000000010972
965000,400,19.2,6.117834709584713e-05,0.010000000000010613
966000,401,19.2,5.765731475548819e-05,0.010000000000010265
967000,401,19.2,0.00013477631728164852,0.010000000000009928
968000,402,18.9,0.0003426382318139076,0.010000000000009604
969000,402,18.9,0.00011902797996299341,0.010000000000009288
970000,403,18.2,0.00010425843356642872,0.010000000000008984
971000,403,18.2,0.00043837082921527326,0.01000000000000869
972000,404,18.2,0.0011215837439522147,0.010000000000008405
973000,404,18.2,0.00014855334302410483,0.010000000000008129
974000,405,17.8,0.00013909739209339023,0.010000000000007862
975000,405,17.8,0.0003740136744454503,0.010000000000007605
976000,406,17.6,8.912683551898226e-05,0.010000000000007355
977000,406,17.6,7.886705861892551e-05,0.010000000000007114
978000,407,17.6,8.90267692739144e-05,0.01000000000000688
979000,408,18.4,0.00017558998661115766,0.010000000000006655
980000,408,18.4,8.640853047836572e-05,0.010000000000006438
981000,409,18.2,0.00012991594849154353,0.010000000000006226
982000,409,18.2,0.0004697547701653093,0.010000000000006021
983000,410,18.2,0.00015717353380750865,0.010000000000005825
984000,410,18.2,0.0001967446005437523,0.010000000000005633
985000,411,18.0,9.96333546936512e-05,0.010000000000005449
986000,411,18.0,6.233708700165153e-05,0.01000000000000527
987000,412,18.3,0.0004785181663464755,0.010000000000005097
988000,412,18.3,0.00016184554260689765,0.01000000000000493
989000,413,18.9,0.00010415322321932763,0.010000000000004769
990000,413,18.9,4.287466435926035e-05,0.010000000000004613
991000,414,18.9,0.000157733797095716,0.010000000000004462
992000,414,18.9,0.0003760425606742501,0.010000000000004314
993000,415,19.2,0.00011254889977863058,0.010000000000004174
994000,416,19.4,6.16233010077849e-05,0.010000000000004037
995000,416,19.4,8.210747910197824e-05,0.010000000000003905
996000,417,19.2,0.00013234498328529298,0.010000000000003777
997000,417,19.2,0.00014053669292479753,0.010000000000003652
998000,418,19.1,0.00012992760457564145,0.010000000000003532
999000,418,19.1,0.00026465579867362976,0.010000000000003418
1000000,419,19.1,0.00010623640264384449,0.010000000000003305
1001000,419,19.1,7.603474659845233e-05,0.010000000000003197
1002000,420,19.2,0.0003311678010504693,0.010000000000003091
1003000,420,19.2,7.825687498552725e-05,0.010000000000002991
1004000,421,19.3,0.00046266886056400836,0.010000000000002892
1005000,421,19.3,0.0005285550141707063,0.010000000000002798
1006000,422,19.2,8.321550558321178e-05,0.010000000000002706
1007000,423,19.4,0.00020542052516248077,0.010000000000002618
1008000,423,19.4,0.00011901344987563789,0.010000000000002531
1009000,424,19.6,0.00025635684141889215,0.010000000000002448
1010000,424,19.6,7.328636274905875e-05,0.010000000000002368
1011000,425,19.6,0.0003482734609860927,0.01000000000000229
1012000,425,19.6,0.00013135807239450514,0.010000000000002215
1013000,426,19.4,0.00016213148774113506,0.010000000000002143
1014000,426,19.4,0.0001000299962470308,0.010000000000002073
1015000,427,19.4,0.0007283854647539556,0.010000000000002006
1016000,428,19.5,8.890014578355476e-05,0.01000000000000194
1017000,428,19.5,7.962548988871276e-05,0.010000000000001875
1018000,429,19.6,7.84413714427501e-05,0.010000000000001815
1019000,429,19.6,6.071757525205612e-05,0.010000000000001754
1020000,430,19.4,0.00025791468215174973,0.010000000000001697
1021000,430,19.4,6.0977083194302395e-05,0.010000000000001641
1022000,431,19.2,0.00016237099771387875,0.010000000000001587
1023000,431,19.2,9.887349006021395e-05,0.010000000000001535
1024000,432,19.1,0.0002680565230548382,0.010000000000001485
1025000,432,19.1,0.0002553535741753876,0.010000000000001437
1026000,433,18.7,0.00023142572899814695,0.01000000000000139
1027000,433,18.7,0.00010438010940561071,0.010000000000001345
1028000,434,18.8,0.00013920560013502836,0.0100000000000013
1029000,434,18.8,0.0002625176275614649,0.010000000000001258
1030000,435,18.7,0.0001252831716556102,0.010000000000001216
1031000,436,18.8,0.00012843614968005568,0.010000000000001176
1032000,436,18.8,0.0001796522701624781,0.010000000000001138
1033000,437,18.7,9.700415830593556e-05,0.0100000000000011
1034000,437,18.7,8.356295438716188e-05,0.010000000000001064
1035000,438,18.7,0.0001261918805539608,0.010000000000001029
1036000,438,18.7,5.010573659092188e-05,0.010000000000000996
1037000,439,18.7,8.063216955633834e-05,0.010000000000000963
1038000,439,18.7,8.894359780242667e-05,0.010000000000000932
1039000,440,18.9,7.913111039670184e-05,0.0100000000000009
1040000,440,18.9,5.761021748185158e-05,0.010000000000000871
1041000,441,19.3,0.00019055887241847813,0.010000000000000843
1042000,442,19.2,8.6691536125727e-05,0.010000000000000816
1043000,442,19.2,5.931237683398649e-05,0.010000000000000788
1044000,443,19.4,9.979147580452263e-05,0.010000000000000762
1045000,443,19.4,0.00011637200077529997,0.010000000000000737
1046000,444,19.4,7.355088746408e-05,0.010000000000000713
1047000,444,19.4,6.35891774436459e-05,0.01000000000000069
1048000,445,19.3,0.00016145275731105357,0.010000000000000668
1049000,445,19.3,5.3603209380526096e-05,0.010000000000000646
1050000,446,19.4,4.09688291256316e-05,0.010000000000000625
1051000,447,19.5,7.14181805960834e-05,0.010000000000000604
1052000,447,19.5,6.040654261596501e-05,0.010000000000000585
1053000,448,19.6,0.00014856125926598907,0.010000000000000566
1054000,448,19.6,8.040877582971007e-05,0.010000000000000547
1055000,449,19.7,7.333079702220857e-05,0.01000000000000053
1056000,449,19.7,0.00028057832969352603,0.010000000000000512
1057000,450,19.5,0.00021748789004050195,0.010000000000000495
1058000,450,19.5,8.529715705662966e-05,0.010000000000000479
1059000,451,19.2,0.0003234899486415088,0.010000000000000463
1060000,452,19.5,0.0003904775367118418,0.010000000000000448
1061000,452,19.5,8.039922977332026e-05,0.010000000000000432
1062000,453,19.6,0.0003054881526622921,0.010000000000000418
1063000,453,19.6,0.0001879950286820531,0.010000000000000404
1064000,454,19.4,0.0001208973117172718,0.010000000000000392
1065000,454,19.4,0.0002392901515122503,0.010000000000000378
1066000,455,19.6,6.65550323901698e-05,0.010000000000000366
1067000,456,19.4,0.0001034507731674239,0.010000000000000354
1068000,456,19.4,6.264605326578021e-05,0.010000000000000342
1069000,457,19.6,6.776084774173796e-05,0.010000000000000332
1070000,457,19.6,6.022326851962134e-05,0.010000000000000321
1071000,458,19.4,0.00013370825035963207,0.01000000000000031
1072000,458,19.4,0.00022309066844172776,0.0100000000000003
1073000,459,19.2,0.00014040050155017525,0.01000000000000029
1074000,459,19.2,0.00038078418583609164,0.010000000000000281
1075000,460,19.4,3.769926479435526e-05,0.01000000000000027
1076000,461,19.7,7.31015024939552e-05,0.010000000000000262
1077000,461,19.7,0.00014538825780618936,0.010000000000000253
1078000,462,19.6,6.112798291724175e-05,0.010000000000000247
1079000,462,19.6,6.436504190787673e-05,0.010000000000000238
1080000,463,19.6,2.727852188399993e-05,0.01000000000000023
1081000,464,19.8,4.4768661609850824e-05,0.010000000000000222
1082000,464,19.8,3.073440529988147e-05,0.010000000000000215
1083000,465,19.8,3.819241464952938e-05,0.010000000000000208
1084000,465,19.8,3.92760630347766e-05,0.010000000000000201
1085000,466,20.1,4.4319138396531343e-05,0.010000000000000194
1086000,466,20.1,2.937298449978698e-05,0.010000000000000188
1087000,467,20.1,1.9119039279758e-05,0.010000000000000182
1088000,468,20.3,6.397374090738595e-05,0.010000000000000175
1089000,468,20.3,7.230768096633255e-05,0.01000000000000017
1090000,469,20.4,4.700901627074927e-05,0.010000000000000165
1091000,469,20.4,0.0001259217387996614,0.01000000000000016
1092000,470,20.4,6.510665116365999e-05,0.010000000000000155
1093000,470,20.4,8.80383449839428e-05,0.01000000000000015
1094000,471,20.1,8.722240454517305e-05,0.010000000000000144
1095000,471,20.1,7.857271702960134e-05,0.010000000000000139
1096000,472,20.1,0.0006762690027244389,0.010000000000000136
1097000,472,20.1,0.0002710451080929488,0.01000000000000013
1098000,473,20.0,4.0498034650227055e-05,0.010000000000000127
1099000,474,20.0,0.00011992689542239532,0.010000000000000122
1100000,474,20.0,7.986265700310469e-05,0.010000000000000118
1101000,474,20.0,0.00015344777784775943,0.010000000000000115
1102000,475,19.5,0.0001275519753107801,0.010000000000000111
1103000,476,19.5,0.00010128709254786372,0.010000000000000106
1104000,476,19.5,0.00010324979666620493,0.010000000000000103
1105000,477,19.5,4.715663817478344e-05,0.0100000000000001
1106000,477,19.5,7.966880366439e-05,0.010000000000000097
1107000,478,19.5,0.0010983591200783849,0.010000000000000094
1108000,478,19.5,7.978208304848522e-05,0.01000000000000009
1109000,479,19.0,0.0015708841383457184,0.010000000000000087
1110000,479,19.0,0.00014415389159694314,0.010000000000000085
1111000,480,18.7,0.0001460893254261464,0.010000000000000082
1112000,481,18.9,7.086913683451712e-05,0.01000000000000008
1113000,481,18.9,9.552884148433805e-05,0.010000000000000077
1114000,482,18.8,0.0001788652443792671,0.010000000000000075
1115000,482,18.8,9.003334707813337e-05,0.010000000000000071
1116000,483,18.9,8.965940651251003e-05,0.01000000000000007
1117000,483,18.9,0.00017910318274516612,0.010000000000000068
1118000,484,18.7,0.00020205334294587374,0.010000000000000064
1119000,485,19.3,0.00010892993304878473,0.010000000000000063
1120000,485,19.3,7.904015365056694e-05,0.010000000000000061
1121000,486,19.3,7.652900239918381e-05,0.01000000000000006
1122000,486,19.3,0.00011452898615971208,0.010000000000000057
1123000,487,19.2,7.098512287484482e-05,0.010000000000000056
1124000,488,19.0,0.00018830137560144067,0.010000000000000054
1125000,488,19.0,6.156941526569426e-05,0.010000000000000052
1126000,489,19.4,8.704153879079968e-05,0.01000000000000005
1127000,489,19.4,0.00010866600496228784,0.010000000000000049
1128000,490,19.7,0.00013278212281875312,0.010000000000000047
1129000,490,19.7,0.00010100047802552581,0.010000000000000045
1130000,491,19.7,0.00017846902483142912,0.010000000000000044
1131000,491,19.7,0.00014447595458477736,0.010000000000000042
1132000,492,19.4,0.00012782475096173584,0.01000000000000004
1133000,492,19.4,5.2820432756561786e-05,0.01000000000000004
1134000,493,19.5,0.000442665972514078,0.010000000000000038
1135000,494,19.7,0.00012178951874375343,0.010000000000000037
1136000,494,19.7,0.00021716061746701598,0.010000000000000035
1137000,495,19.5,0.000137885901494883,0.010000000000000035
1138000,495,19.5,0.000105808321677614,0.010000000000000033
1139000,496,19.4,5.636216519633308e-05,0.010000000000000033
1140000,496,19.4,6.414024392142892e-05,0.010000000000000031
1141000,497,19.5,7.80061527621001e-05,0.01000000000000003
1142000,497,19.5,8.75005716807209e-05,0.01000000000000003
1143000,498,19.7,8.938342944020405e-05,0.010000000000000028
1144000,499,19.9,9.028817294165492e-05,0.010000000000000028
1145000,499,19.9,2.8946220481884666e-05,0.010000000000000026
1146000,500,20.0,7.22902623238042e-05,0.010000000000000026
1147000,500,20.0,4.309990254114382e-05,0.010000000000000024
1148000,501,19.8,0.00011254692799411714,0.010000000000000024
1149000,501,19.8,4.107191489310935e-05,0.010000000000000023
1150000,502,20.2,0.00017961858247872442,0.010000000000000023
1151000,503,20.1,5.3616655350197107e-05,0.010000000000000021
1152000,503,20.1,3.214756725355983e-05,0.010000000000000021
1153000,504,20.0,6.448668136727065e-05,0.010000000000000021
1154000,504,20.0,8.644732588436455e-05,0.01000000000000002
1155000,505,20.1,4.5748565753456205e-05,0.01000000000000002
1156000,505,20.1,8.040579268708825e-05,0.01000000000000002
1157000,506,20.2,8.001898822840303e-05,0.010000000000000018
1158000,507,20.1,8.779327617958188e-05,0.010000000000000018
1159000,507,20.1,6.580912304343656e-05,0.010000000000000018
1160000,507,20.1,5.8790057664737105e-05,0.010000000000000016
1161000,508,19.8,0.00014731231203768402,0.010000000000000016
1162000,508,19.8,0.0001269102649530396,0.010000000000000016
1163000,509,19.7,0.0001484617096139118,0.010000000000000014
1164000,509,19.7,9.35992575250566e-05,0.010000000000000014
1165000,510,19.7,7.979066140251234e-05,0.010000000000000014
1166000,511,19.8,0.00019719534611795098,0.010000000000000014
1167000,511,19.8,0.00024511353694833815,0.010000000000000012
1168000,511,19.8,0.0002238163142465055,0.010000000000000012
1169000,512,19.2,0.0009672601008787751,0.010000000000000012
1170000,512,19.2,9.352042980026454e-05,0.010000000000000012
1171000,513,19.2,8.804468234302476e-05,0.01000000000000001
1172000,514,19.2,0.00017733825370669365,0.01000000000000001
1173000,514,19.2,0.00048304948722943664,0.01000000000000001
1174000,515,19.2,0.00010895385639742017,0.01000000000000001
1175000,515,19.2,0.00019049577531404793,0.01000000000000001
1176000,516,18.6,0.00019909790717065334,0.010000000000000009
1177000,516,18.6,9.795083315111697e-05,0.010000000000000009
1178000,517,18.5,6.696861964883283e-05,0.010000000000000009
1179000,517,18.5,9.583292558090761e-05,0.010000000000000009
1180000,518,18.6,5.015553324483335e-05,0.010000000000000009
1181000,519,18.7,7.093344902386889e-05,0.010000000000000009
1182000,519,18.7,8.37836560094729e-05,0.010000000000000007
1183000,520,18.7,0.00022511632414534688,0.010000000000000007
1184000,520,18.7,9.79206379270181e-05,0.010000000000000007
1185000,521,18.8,0.00018846776220016181,0.010000000000000007
1186000,521,18.8,8.057020750129595e-05,0.010000000000000007
1187000,522,19.5,5.848220098414458e-05,0.010000000000000007
1188000,523,19.5,0.0002981969737447798,0.010000000000000007
1189000,523,19.5,9.239081555278972e-05,0.010000000000000005
1190000,524,19.6,2.9012144295847975e-05,0.010000000000000005
1191000,524,19.6,0.00015146318764891475,0.010000000000000005
1192000,525,19.6,0.0007118229987099767,0.010000000000000005
1193000,525,19.6,5.4876589274499565e-05,0.010000000000000005
1194000,526,19.8,0.0001451310672564432,0.010000000000000005
1195000,526,19.8,0.00017316179582849145,0.010000000000000005
1196000,526,19.8,9.046569175552577e-05,0.010000000000000005
1197000,527,19.6,0.00021260653738863766,0.010000000000000005
1198000,527,19.6,0.00012380245607346296,0.010000000000000005
1199000,528,19.7,0.00018166696827393025,0.010000000000000005
1200000,529,19.7,9.25841013668105e-05,0.010000000000000004
1201000,529,19.7,0.00017979039694182575,0.010000000000000004
1202000,529,19.7,0.0009030304499901831,0.010000000000000004
1203000,530,19.5,0.0002503498690202832,0.010000000000000004
1204000,531,19.5,0.00010082695371238515,0.010000000000000004
1205000,531,19.5,0.00023695736308582127,0.010000000000000004
1206000,531,19.5,0.0034859133884310722,0.010000000000000004
1207000,532,18.7,0.00037974066799506545,0.010000000000000004
1208000,532,18.7,6.613686855416745e-05,0.010000000000000004
1209000,533,18.8,0.0001385538198519498,0.010000000000000004
1210000,533,18.8,0.0004306304035708308,0.010000000000000004
1211000,534,18.7,0.00010379251762060449,0.010000000000000004
1212000,534,18.7,0.00032683913013897836,0.010000000000000004
1213000,535,18.3,0.0014311702689155936,0.010000000000000004
1214000,536,18.4,0.00019502858049236238,0.010000000000000004
1215000,536,18.4,0.00013772858073934913,0.010000000000000002
1216000,537,18.7,0.00010143525287276134,0.010000000000000002
1217000,537,18.7,0.00019771808001678437,0.010000000000000002
1218000,538,18.6,0.0009368525352329016,0.010000000000000002
1219000,538,18.6,0.00013776276318822056,0.010000000000000002
1220000,539,18.3,0.00024715036852285266,0.010000000000000002
1221000,539,18.3,0.0001770534727256745,0.010000000000000002
1222000,540,18.5,0.0001356627035420388,0.010000000000000002
1223000,540,18.5,0.0002697352902032435,0.010000000000000002
1224000,541,18.3,9.790173498913646e-05,0.010000000000000002
1225000,541,18.3,0.00021144238417036831,0.010000000000000002
1226000,542,18.9,0.0002356842887820676,0.010000000000000002
1227000,542,18.9,0.00012024299940094352,0.010000000000000002
1228000,543,18.9,0.00017815610044635832,0.010000000000000002
1229000,543,18.9,6.422320439014584e-05,0.010000000000000002
1230000,544,18.8,0.00040862499736249447,0.010000000000000002
1231000,544,18.8,0.00016231539484579116,0.010000000000000002
1232000,545,19.0,9.236099140252918e-05,0.010000000000000002
1233000,545,19.0,8.0464655184187e-05,0.010000000000000002
1234000,546,18.9,0.00015772962069604546,0.010000000000000002
1235000,546,18.9,0.00014161398576106876,0.010000000000000002
1236000,547,18.9,0.00021956230921205133,0.010000000000000002
1237000,548,19.0,8.233910193666816e-05,0.010000000000000002
1238000,548,19.0,0.00013521155051421374,0.010000000000000002
1239000,549,19.0,0.0001030710554914549,0.010000000000000002
1240000,549,19.0,7.541069498984143e-05,0.010000000000000002
1241000,550,19.0,0.0001481558138038963,0.010000000000000002
1242000,550,19.0,6.094005220802501e-05,0.010000000000000002
1243000,551,19.1,6.004002716508694e-05,0.010000000000000002
1244000,551,19.1,7.409999670926481e-05,0.010000000000000002
1245000,552,19.0,0.00011869501759065315,0.010000000000000002
1246000,553,18.9,6.16979377809912e-05,0.010000000000000002
1247000,553,18.9,3.989208926213905e-05,0.010000000000000002
1248000,553,18.9,7.252151408465579e-05,0.01
1249000,554,18.7,7.57838279241696e-05,0.01
1250000,555,18.7,6.99857046129182e-05,0.01
1251000,555,18.7,0.0002543832815717906,0.01
1252000,556,19.1,0.00010271068458678201,0.01
1253000,556,19.1,0.00014003047544974834,0.01
1254000,557,19.2,0.0001497106277383864,0.01
1255000,558,19.3,4.661440470954403e-05,0.01
1256000,558,19.3,0.00011214086407562718,0.01
1257000,558,19.3,5.1346883992664516e-05,0.01
1258000,559,19.2,4.386468208394945e-05,0.01
1259000,560,19.3,0.00018337952496949583,0.01
1260000,560,19.3,5.405112824519165e-05,0.01
1261000,561,19.5,8.667503425385803e-05,0.01
1262000,561,19.5,4.961683589499444e-05,0.01
1263000,562,19.6,0.00015875714598223567,0.01
1264000,562,19.6,6.511343963211402e-05,0.01
1265000,563,19.6,0.00043555747834034264,0.01
1266000,563,19.6,8.874319610185921e-05,0.01
1267000,564,19.7,0.0002541088033467531,0.01
1268000,565,19.8,7.395986904157326e-05,0.01
1269000,565,19.8,7.453235593857244e-05,0.01
1270000,566,19.6,0.00011205259943380952,0.01
1271000,566,19.6,0.00010225672303931788,0.01
1272000,567,19.4,0.00010805677447933704,0.01
1273000,567,19.4,8.347602852154523e-05,0.01
1274000,568,19.4,8.162895392160863e-05,0.01
1275000,568,19.4,5.6434862926835194e-05,0.01
1276000,569,19.8,3.125630973954685e-05,0.01
1277000,570,19.8,0.0003520598402246833,0.01
1278000,570,19.8,2.44423899857793e-05,0.01
1279000,571,19.8,3.0501892979373224e-05,0.01
1280000,571,19.8,3.580882912501693e-05,0.01
1281000,572,19.6,2.7266263714409433e-05,0.01
1282000,572,19.6,0.004191568586975336,0.01
1283000,573,19.7,8.299299224745482e-05,0.01
1284000,573,19.7,8.03920702310279e-05,0.01
1285000,574,19.8,0.001107871299609542,0.01
1286000,574,19.8,0.0006786939920857549,0.01
1287000,575,19.4,0.0005572200170718133,0.01
1288000,575,19.4,8.232722757384181e-05,0.01
1289000,576,19.6,0.003482073312625289,0.01
1290000,576,19.6,0.0005265320069156587,0.01
1291000,577,19.6,0.00016436068108305335,0.01
1292000,577,19.6,0.0002247103984700516,0.01
1293000,578,19.3,9.843702719081193e-05,0.01
1294000,578,19.3,0.0007909248815849423,0.01
1295000,579,19.3,0.000174864282598719,0.01
1296000,579,19.3,0.00012708595022559166,0.01
1297000,580,19.2,0.00042498321272432804,0.01
1298000,580,19.2,9.928231156663969e-05,0.01
1299000,581,19.1,0.00024894566740840673,0.01
1300000,581,19.1,0.0002043478307314217,0.01
1301000,582,19.4,5.16212239745073e-05,0.01
1302000,582,19.4,0.000412106019211933,0.01
1303000,583,19.2,0.00010598866356303915,0.01
1304000,583,19.2,0.00011227844515815377,0.01
1305000,584,19.2,0.00012615681043826044,0.01
1306000,585,19.7,7.301793084479868e-05,0.01
1307000,585,19.7,6.177882460178807e-05,0.01
1308000,586,19.4,0.0008437272626906633,0.01
1309000,586,19.4,7.649664621567354e-05,0.01
1310000,587,19.1,0.00022307364270091057,0.01
1311000,587,19.1,0.0009628641419112682,0.01
1312000,588,19.3,0.0001481388753745705,0.01
1313000,588,19.3,4.697518306784332e-05,0.01
1314000,589,19.2,0.0014692344702780247,0.01
1315000,589,19.2,6.24171007075347e-05,0.01
1316000,590,19.1,0.0001495260512456298,0.01
1317000,590,19.1,6.17891491856426e-05,0.01
1318000,591,19.0,8.731724665267393e-05,0.01
1319000,592,19.0,6.978951569180936e-05,0.01
1320000,592,19.0,0.00014696306607220322,0.01
1321000,592,19.0,0.00017817510524764657,0.01
1322000,593,18.9,0.0002113338268827647,0.01
1323000,594,19.0,0.00010329893848393112,0.01
1324000,594,19.0,0.00019845805945806205,0.01
1325000,595,19.0,9.47625158005394e-05,0.01
1326000,595,19.0,0.00029111310141161084,0.01
1327000,596,18.9,0.00013160594971850514,0.01
1328000,596,18.9,0.00030977235292084515,0.01
1329000,597,19.4,3.948477751691826e-05,0.01
1330000,598,19.5,0.00028497722814790905,0.01
1331000,598,19.5,0.0001305862097069621,0.01
1332000,599,19.2,0.0001728647039271891,0.01
1333000,599,19.2,0.00019423577759880573,0.01
1334000,600,19.4,5.262699778540991e-05,0.01
1335000,600,19.4,8.144740422721952e-05,0.01
1336000,601,19.2,0.0009724732954055071,0.01
1337000,601,19.2,6.801750714657828e-05,0.01
1338000,602,19.2,0.00010438448953209445,0.01
1339000,602,19.2,8.930162584874779e-05,0.01
1340000,603,19.5,0.00021928786009084433,0.01
1341000,603,19.5,6.674487667623907e-05,0.01
1342000,604,19.6,9.226039401255548e-05,0.01
1343000,604,19.6,0.00038073508767411113,0.01
1344000,605,19.5,8.276144944829866e-05,0.01
1345000,606,19.8,0.0001470519637223333,0.01
1346000,606,19.8,6.0802845837315544e-05,0.01
1347000,607,19.8,0.00014165003085508943,0.01
1348000,607,19.8,0.00017040182137861848,0.01
1349000,608,19.7,9.176399180432782e-05,0.01
1350000,608,19.7,0.00019280058040749282,0.01
1351000,609,19.7,0.0011094454675912857,0.01
1352000,609,19.7,5.00770183862187e-05,0.01
1353000,610,19.6,0.0009119663154706359,0.01
1354000,610,19.6,0.000202140276087448,0.01
1355000,611,19.9,8.249920210801065e-05,0.01
1356000,611,19.9,3.7445985071826726e-05,0.01
1357000,612,20.0,6.430673965951428e-05,0.01
1358000,613,20.0,0.00019704455917235464,0.01
1359000,613,20.0,8.074414654402062e-05,0.01
1360000,614,20.0,6.140444020275027e-05,0.01
1361000,614,20.0,3.596316309995018e-05,0.01
1362000,615,20.2,3.227536944905296e-05,0.01
1363000,616,20.1,0.00010132207535207272,0.01
1364000,616,20.1,6.845856842119247e-05,0.01
1365000,617,20.1,9.245755063602701e-05,0.01
1366000,617,20.1,3.795438533416018e-05,0.01
1367000,618,20.2,0.00012322775728534907,0.01
1368000,618,20.2,6.850165664218366e-05,0.01
1369000,619,20.6,2.6577687094686553e-05,0.01
1370000,620,20.7,6.172498979140073e-05,0.01
1371000,620,20.7,3.735711288754828e-05,0.01
1372000,621,20.7,8.330787386512384e-05,0.01
1373000,621,20.7,5.6206583394668996e-05,0.01
1374000,622,20.6,5.727928510168567e-05,0.01
1375000,622,20.6,7.456832827301696e-05,0.01
1376000,623,20.4,0.00011372897279215977,0.01
1377000,624,20.3,3.086985816480592e-05,0.01
1378000,624,20.3,6.892387318657711e-05,0.01
1379000,625,20.3,4.659804835682735e-05,0.01
1380000,625,20.3,4.00384196836967e-05,0.01
1381000,626,20.3,8.964740845840424e-05,0.01
1382000,626,20.3,6.481388118118048e-05,0.01
1383000,627,20.0,7.465688395313919e-05,0.01
1384000,627,20.0,0.002121606608852744,0.01
1385000,628,19.8,0.0001576830691192299,0.01
1386000,629,19.8,7.088565325830132e-05,0.01
1387000,629,19.8,5.3140276577323675e-05,0.01
1388000,630,19.8,5.098636756883934e-05,0.01
1389000,630,19.8,0.00012652078294195235,0.01
1390000,631,19.8,3.73249567928724e-05,0.01
1391000,632,19.9,0.00017907343863043934,0.01
1392000,632,19.9,9.935592242982239e-05,0.01
1393000,633,20.1,4.827161683351733e-05,0.01
1394000,633,20.1,4.896156315226108e-05,0.01
1395000,634,19.9,7.32931075617671e-05,0.01
1396000,634,19.9,0.00018669985001906753,0.01
1397000,635,19.9,6.423299782909453e-05,0.01
1398000,635,19.9,0.00012230468564666808,0.01
1399000,636,19.9,6.966137152630836e-05,0.01
1400000,637,20.2,6.890337681397796e-05,0.01
1401000,637,20.2,0.0009028683416545391,0.01
1402000,638,20.2,0.0004376916913315654,0.01
1403000,638,20.2,8.439179509878159e-05,0.01
1404000,638,20.2,0.002112083602696657,0.01
1405000,639,19.8,0.0001343360054306686,0.01
1406000,640,19.8,0.00010420710896141827,0.01
1407000,640,19.8,0.00017940165707841516,0.01
1408000,641,19.9,0.0007343263714574277,0.01
1409000,641,19.9,3.0137953217490576e-05,0.01
1410000,642,19.9,0.00012529540981631726,0.01
1411000,642,19.9,0.0001816823350964114,0.01
1412000,643,19.9,0.00031040655449032784,0.01
1413000,644,20.2,0.0001304375473409891,0.01
1414000,644,20.2,0.00014792423462495208,0.01
1415000,645,20.1,0.00015491744852624834,0.01
1416000,645,20.1,5.506182060344145e-05,0.01
1417000,646,20.2,9.583082282915711e-05,0.01
1418000,646,20.2,5.263213824946433e-05,0.01
1419000,647,20.1,4.386815271573141e-05,0.01
1420000,648,20.3,4.569049633573741e-05,0.01
1421000,648,20.3,4.197194357402623e-05,0.01
1422000,649,20.7,4.228370380587876e-05,0.01
1423000,649,20.7,2.075496013276279e-05,0.01
1424000,650,20.6,0.00027109921211376786,0.01
1425000,650,20.6,3.2188476325245574e-05,0.01
1426000,651,20.6,4.1313745896331966e-05,0.01
1427000,652,20.4,6.726413266733289e-05,0.01
1428000,652,20.4,3.4772474464261904e-05,0.01
1429000,653,20.3,3.123536953353323e-05,0.01
1430000,653,20.3,5.934078217251226e-05,0.01
1431000,654,19.9,5.029296880820766e-05,0.01
1432000,654,19.9,3.867893974529579e-05,0.01
1433000,655,20.0,5.944163058302365e-05,0.01
1434000,656,20.0,3.017924609594047e-05,0.01
1435000,656,20.0,5.7945711887441576e-05,0.01
1436000,657,19.9,7.146177085814998e-05,0.01
1437000,657,19.9,7.800204184604809e-05,0.01
1438000,658,19.8,0.00014698083396069705,0.01
1439000,658,19.8,4.1523959225742146e-05,0.01
1440000,659,19.7,5.6673910876270384e-05,0.01
1441000,659,19.7,6.241929077077657e-05,0.01
1442000,660,19.6,4.190137769910507e-05,0.01
1443000,661,19.6,6.78170908940956e-05,0.01
1444000,661,19.6,5.077839523437433e-05,0.01
1445000,662,19.8,3.056734203710221e-05,0.01
1446000,663,19.9,3.702519825310446e-05,0.01
1447000,663,19.9,5.850149318575859e-05,0.01
1448000,664,20.2,5.881543256691657e-05,0.01
1449000,664,20.2,4.157566581852734e-05,0.01
1450000,665,20.2,8.506010635755956e-05,0.01
1451000,666,20.3,5.142799636814743e-05,0.01
1452000,666,20.3,3.191636278643273e-05,0.01
1453000,667,20.5,2.4092420062515885e-05,0.01
1454000,667,20.5,3.379338522790931e-05,0.01
1455000,668,20.6,0.0001261987490579486,0.01
1456000,668,20.6,6.003047383273952e-05,0.01
1457000,669,20.4,0.00014894490595906973,0.01
1458000,670,20.5,2.6654386601876467e-05,0.01
1459000,670,20.5,0.00011262515909038484,0.01
1460000,671,20.2,3.0470513593172655e-05,0.01
1461000,671,20.2,8.440362580586225e-05,0.01
1462000,672,20.2,5.9948128182440996e-05,0.01
1463000,672,20.2,7.739233842585236e-05,0.01
1464000,673,20.1,2.9443712264765054e-05,0.01
1465000,674,20.2,4.470284693525173e-05,0.01
1466000,674,20.2,5.3949959692545235e-05,0.01
1467000,675,20.1,4.0665705455467105e-05,0.01
1468000,675,20.1,8.520385017618537e-05,0.01
1469000,676,19.9,0.0001397054293192923,0.01
1470000,676,19.9,0.00016194941417779773,0.01
1471000,677,19.8,2.718377800192684e-05,0.01
1472000,678,19.8,0.00012225790123920888,0.01
1473000,678,19.8,6.12305011600256e-05,0.01
1474000,679,20.0,8.871516911312938e-05,0.01
1475000,679,20.0,7.98682012828067e-05,0.01
1476000,680,20.1,4.8976529797073454e-05,0.01
1477000,680,20.1,5.6534194300184026e-05,0.01
1478000,681,20.3,8.900555258151144e-05,0.01
1479000,682,20.3,7.047300459817052e-05,0.01
1480000,682,20.3,2.7079880965175107e-05,0.01
1481000,683,20.3,5.564590901485644e-05,0.01
1482000,683,20.3,0.00010624625429045409,0.01
1483000,684,20.2,5.3543448302662e-05,0.01
1484000,684,20.2,0.00010416581062600017,0.01
1485000,685,20.0,8.044386049732566e-05,0.01
1486000,685,20.0,8.132855873554945e-05,0.01
1487000,686,19.5,0.00027808762388303876,0.01
1488000,686,19.5,6.50675137876533e-05,0.01
1489000,687,18.9,0.0002276595332659781,0.01
1490000,687,18.9,0.00018095724226441234,0.01
1491000,688,18.8,6.448100612033159e-05,0.01
1492000,688,18.8,0.00012004884774796665,0.01
1493000,689,18.9,0.0009050109656527638,0.01
1494000,689,18.9,6.89643929945305e-05,0.01
1495000,690,18.6,9.742302063386887e-05,0.01
1496000,691,18.7,8.179926226148382e-05,0.01
1497000,691,18.7,6.94380869390443e-05,0.01
1498000,692,18.6,0.0001545237610116601,0.01
1499000,692,18.6,3.658003333839588e-05,0.01
